Country,Year,Latitude,Longitude,Death_Category
Solomon Islands,19,-12.584,166.676,0 Deaths
Philippines,19,8.047,125.41,1-50 Deaths
Switzerland,18,46.9,8.6,51-100 Deaths
Philippines,19,6.292,124.09,>1001 Deaths
Iran,20,31.953,49.209,0 Deaths
Pakistan,19,29.926,66.302,1-50 Deaths
Venezuela,19,10.598,-63.486,51-100 Deaths
Tonga Trench,19,-22.878,-175.9,1-50 Deaths
Peru,19,-15.679,-71.574,51-100 Deaths
El Salvador,19,13.5,-89.3,101-1000 Deaths
Iran,18,37.3,58.3,>1001 Deaths
Honduras-Guatemala-El Salvador,19,14.487,-89.121,1-50 Deaths
Japan,19,40.8,143.2,51-100 Deaths
China,19,29.5,102.5,101-1000 Deaths
Iran,18,37.3,58.3,>1001 Deaths
China,19,37.093,103.781,1-50 Deaths
Afghanistan,19,36.415,70.789,1-50 Deaths
Iran,19,38.075,48.05,>1001 Deaths
Costa Rica-Panama,19,8.7,-83.2,1-50 Deaths
Afghanistan,19,36.901,67.163,101-1000 Deaths
Iran,19,36.957,49.409,>1001 Deaths
Afghanistan,19,35.121,70.486,1-50 Deaths
Indonesia,20,-4.721,102.087,101-1000 Deaths
Taiwan,19,23.916,121.636,1-50 Deaths
Mexico,19,17.802,-101.647,51-100 Deaths
Peru,19,-6.016,-77.229,101-1000 Deaths
Philippines,19,9.253,125.606,1-50 Deaths
Switzerland,18,46.3,8.0,51-100 Deaths
El Salvador,20,13.671,-88.938,101-1000 Deaths
Peru,19,-8.143,-77.954,1-50 Deaths
China,18,34.7,104.9,51-100 Deaths
Pakistan,19,35.1,72.9,>1001 Deaths
Afghanistan,19,34.616,70.484,1-50 Deaths
Turkey,19,37.6,29.8,51-100 Deaths
Iran,18,26.95,56.26,>1001 Deaths
Peru,19,-9.505,-77.512,1-50 Deaths
Turkey,19,39.8,39.5,51-100 Deaths
India,19,30.78,78.774,>1001 Deaths
Turkey,19,37.7,28.89,1-50 Deaths
Mexico,19,16.5,-99.1,51-100 Deaths
India,19,18.066,76.451,>1001 Deaths
Philippines,19,10.2,124.1,1-50 Deaths
Pakistan,20,34.539,73.588,>1001 Deaths
Chile,19,-25.5,-69.2,1-50 Deaths
Greece,18,37.8,27.0,51-100 Deaths
China,19,25.2,102.5,101-1000 Deaths
China,19,22.317,111.8,>1001 Deaths
Japan,19,38.65,139.2,1-50 Deaths
Switzerland,18,45.9,6.1,51-100 Deaths
Iran,18,38.6,44.9,101-1000 Deaths
Yemen,19,16.4,43.5,>1001 Deaths
Dominican Republic,19,17.984,-69.338,1-50 Deaths
Chile,18,-18.5,-71.0,51-100 Deaths
China,18,36.6,101.8,101-1000 Deaths
Nepal-India,19,26.755,86.616,>1001 Deaths
Chile,19,-19,-70.0,1-50 Deaths
China,18,33.0,97.0,51-100 Deaths
China,18,33.2,117.9,101-1000 Deaths
Taiwan,19,24.3,120.8,>1001 Deaths
Philippines,19,7.758,123.544,1-50 Deaths
Greece,18,37.3,21.8,51-100 Deaths
China,19,26.6,104.1,101-1000 Deaths
Iran,19,36.6,53.4,>1001 Deaths
Papua New Guinea,19,-4.346,152.797,1-50 Deaths
China,18,35.5,111.5,51-100 Deaths
China,18,26.0,100.1,101-1000 Deaths
Yemen,19,14.701,44.379,>1001 Deaths
Kazakhstan,19,47.869,85.076,1-50 Deaths
China,18,32.4,117.8,51-100 Deaths
China,18,29.7,108.8,101-1000 Deaths
Armenia,19,39.2,46.0,>1001 Deaths
Taiwan,19,23.407,120.736,1-50 Deaths
Philippines,19,7.0,124.0,51-100 Deaths
Georgia,19,42.565,43.349,1-50 Deaths
Turkey,18,38.5,43.3,51-100 Deaths
China,18,29.1,107.1,101-1000 Deaths
Chile,19,-17.897,-70.931,1-50 Deaths
China,18,27.7,100.8,51-100 Deaths
Iran,18,38.1,46.3,101-1000 Deaths
China,18,31.4,100.7,>1001 Deaths
Japan,19,34.809,139.259,1-50 Deaths
China,19,37.8,112.5,51-100 Deaths
Ecuador,19,-3.4,-79.6,101-1000 Deaths
Azerbaijan,19,40.802,47.448,1-50 Deaths
China,18,34.9,111.1,51-100 Deaths
Turkey,19,38.5,43.3,101-1000 Deaths
Taiwan,19,23.6,121.6,1-50 Deaths
Turkey,19,37.4,35.8,101-1000 Deaths
Mexico,19,32.22,-114.985,1-50 Deaths
China,19,39.431,75.224,51-100 Deaths
China,18,36.1,102.3,101-1000 Deaths
China,19,25.6,100.3,101-1000 Deaths
Iran,19,33.962,59.726,1-50 Deaths
Papua New Guinea,19,-5.392,151.868,1-50 Deaths
Indonesia,20,-2.174,136.543,1-50 Deaths
Peru,19,-12.69,-76.065,1-50 Deaths
Philippines,19,9.755,124.694,51-100 Deaths
Tajikistan,19,38.465,68.694,101-1000 Deaths
Taiwan,18,23.4,120.0,>1001 Deaths
California,19,33.082,-115.775,1-50 Deaths
Chile,19,-24.388,-70.161,1-50 Deaths
Peru,19,-5.982,-77.094,51-100 Deaths
Japan,19,35.45,139.964,1-50 Deaths
Afghanistan,19,37.457,68.273,51-100 Deaths
Iran,19,36.1,52.7,>1001 Deaths
Guatemala,19,13.881,-90.45,1-50 Deaths
Myanmar (Burma);  India,19,25.149,95.127,1-50 Deaths
Iran,19,35.63,49.87,>1001 Deaths
Chile,19,-33.134,-73.074,1-50 Deaths
India,19,23.083,80.041,51-100 Deaths
Solomon Islands,19,-9.828,160.323,1-50 Deaths
Nepal-India,19,29.554,80.854,51-100 Deaths
China,19,24.1,102.0,1-50 Deaths
Taiwan,18,24.7,121.8,51-100 Deaths
Chile,19,-34.131,-71.618,1-50 Deaths
China,19,41.083,114.5,51-100 Deaths
Afghanistan,19,35.993,70.423,101-1000 Deaths
Iran,19,36.948,49.18,1-50 Deaths
Turkey,19,38.063,30.134,51-100 Deaths
Mexico,19,16.773,-99.328,1-50 Deaths
Iran,19,37.661,57.291,51-100 Deaths
Peru,19,-13.41,-71.785,1-50 Deaths
Indonesia,20,-0.493,100.498,51-100 Deaths
Mexico,19,18.27,-96.6,101-1000 Deaths
Philippines,19,15.78,121.71,1-50 Deaths
Iraq,18,33.38,45.98,51-100 Deaths
China,19,22.5,109.4,>1001 Deaths
Pakistan-Nw Afghanistan,19,36.431,70.826,1-50 Deaths
India,19,30.512,79.403,51-100 Deaths
China,19,30.6,104.1,1-50 Deaths
Greece,18,38.3,22.8,51-100 Deaths
Philippines,18,8.2,126.1,101-1000 Deaths
Indonesia,18,-6.76,111.04,51-100 Deaths
Iran,18,37.8,48.3,101-1000 Deaths
Greece,18,38.3,22.0,51-100 Deaths
China,19,24.5,118.5,101-1000 Deaths
Japan,19,32.386,131.945,1-50 Deaths
China,18,23.5,116.5,51-100 Deaths
Turkey,19,39.71,39.605,101-1000 Deaths
Peru,20,-16.265,-73.641,51-100 Deaths
Turkey,19,40.3,43.1,101-1000 Deaths
Philippines,19,15.679,121.172,>1001 Deaths
Russia,19,43.522,45.362,1-50 Deaths
China,19,21.7,99.5,51-100 Deaths
China,19,26.0,100.1,101-1000 Deaths
Balkans Nw,20,43.76,20.673,1-50 Deaths
China,18,34.5,105.7,51-100 Deaths
Japan,19,42.851,139.197,101-1000 Deaths
Russia,19,52.629,142.827,>1001 Deaths
Japan,19,35.789,137.488,1-50 Deaths
Greece,19,39.5,23.0,51-100 Deaths
China,19,31.2,100.9,101-1000 Deaths
Mexico,19,16.558,-98.358,1-50 Deaths
Greece,19,35.8,25.0,51-100 Deaths
Turkey,19,40.9,42.7,101-1000 Deaths
China,18,24.9,103.0,1-50 Deaths
China,19,22.7,99.9,51-100 Deaths
Peru,20,-13.386,-76.603,101-1000 Deaths
China,19,29.3,104.8,1-50 Deaths
China,19,28.7,103.6,51-100 Deaths
Iran,18,30.6,57,101-1000 Deaths
Taiwan,19,22.5,122.3,1-50 Deaths
China,19,23.1,100.3,51-100 Deaths
Iran,19,37.8,55.9,101-1000 Deaths
Peru,19,-16.66,-72.662,1-50 Deaths
China,19,43.0,122.0,51-100 Deaths
Russia,19,43.0,47.1,101-1000 Deaths
Iran,20,28.995,58.311,>1001 Deaths
Afghanistan,19,36.2,69.7,1-50 Deaths
Azores,19,38.815,-27.78,51-100 Deaths
Venezuela,19,10.6,-67.3,101-1000 Deaths
Taiwan,19,23.445,120.506,1-50 Deaths
Ethiopia,19,15.6,39.6,51-100 Deaths
China,18,37.1,104.2,101-1000 Deaths
Turkey,19,39.2,41.6,>1001 Deaths
China,18,25,104.0,1-50 Deaths
China,18,26.1,99.9,51-100 Deaths
Turkey,19,36.878,35.307,101-1000 Deaths
China,18,36.5,102.2,1-50 Deaths
China,19,28.4,102.3,51-100 Deaths
China,18,41.2,80.3,101-1000 Deaths
Chile,19,-53.5,-71.5,1-50 Deaths
Greece,19,38.0,23.0,51-100 Deaths
Iran,20,35.626,49.047,101-1000 Deaths
China,20,31.002,103.322,>1001 Deaths
Philippines,19,12.54,125.993,1-50 Deaths
China,19,30.1,101.8,51-100 Deaths
China,18,33.6,104.6,101-1000 Deaths
Peru,19,-6.062,-77.136,1-50 Deaths
Turkey,19,40.2,37.9,51-100 Deaths
India,19,17.7,73.9,101-1000 Deaths
Romania,19,45.841,26.668,1-50 Deaths
China,19,26.0,103.0,51-100 Deaths
El Salvador,20,13.049,-88.66,101-1000 Deaths
Japan,19,43.3,143.691,1-50 Deaths
Iran,18,26.81,55.91,101-1000 Deaths
Philippines,19,8.337,126.729,1-50 Deaths
Turkey,19,38.8,40.5,101-1000 Deaths
Philippines,19,11.76,121.899,1-50 Deaths
Turkey,19,39.5,43.3,101-1000 Deaths
Iran,19,28.4,52.8,>1001 Deaths
Turkey,19,39.9,43.9,1-50 Deaths
China,19,23.9,102.3,101-1000 Deaths
Colombia,19,4.554,-77.442,1-50 Deaths
China,19,47.0,127.2,101-1000 Deaths
Indonesia,20,-8.31,115.788,1-50 Deaths
Colombia,19,2.461,-76.686,101-1000 Deaths
Guatemala,19,14.646,-90.986,1-50 Deaths
China,19,34.2,105.7,101-1000 Deaths
Ecuador,19,-1.036,-78.737,1-50 Deaths
China,19,30.927,101.098,101-1000 Deaths
Japan,19,36,139.82,1-50 Deaths
China,19,26.4,99.7,101-1000 Deaths
China,19,31.5,120.5,1-50 Deaths
Turkey,19,39.9,41.7,101-1000 Deaths
Turkey,19,38.474,40.723,>1001 Deaths
Turkey,19,36.5,35.5,1-50 Deaths
Turkey,19,39.3,41.2,101-1000 Deaths
Chile-Argentina,19,-23.5,-67.5,1-50 Deaths
Philippines,19,8.1,123.2,101-1000 Deaths
Mexico,19,18.19,-102.533,>1001 Deaths
Peru,19,-13.5,-74.0,1-50 Deaths
Indonesia,19,-9.5,110,101-1000 Deaths
Guatemala,19,15.324,-89.101,>1001 Deaths
Indonesia,19,-6,113.0,1-50 Deaths
Argentina,19,-32.7,-68.4,101-1000 Deaths
Iran,19,33.6,59.0,1-50 Deaths
Japan,19,32.3,132.5,1-50 Deaths
Taiwan,19,23.7,120.9,101-1000 Deaths
China,18,34.8,111.2,>1001 Deaths
Portugal; Morocco,19,36.017,-10.95,1-50 Deaths
China,19,31.3,116.2,101-1000 Deaths
Iran,18,37.8,47.9,>1001 Deaths
Albania,19,40.6,20.8,51-100 Deaths
Indonesia,19,-4.517,139.918,101-1000 Deaths
Tajikistan,19,38.5,67.9,>1001 Deaths
Mexico,19,16.5,-97.8,1-50 Deaths
Chile,19,-33.132,-71.708,101-1000 Deaths
Guadeloupe,18,16.5,-62.2,>1001 Deaths
China,18,39.1,113.0,1-50 Deaths
Taiwan,19,23.1,120.3,51-100 Deaths
Turkey,19,41.2,42.8,101-1000 Deaths
China,18,23.7,102.5,>1001 Deaths
Iran,19,39.2,44.3,1-50 Deaths
Indonesia,18,-8.25,124.75,101-1000 Deaths
Taiwan,18,24.1,120.5,>1001 Deaths
China,18,29.2,104.9,1-50 Deaths
Turkey,19,37.82,30.27,>1001 Deaths
China,18,37.1,111.9,1-50 Deaths
Philippines,19,10.5,122.0,51-100 Deaths
Iran,18,37.1,58.4,>1001 Deaths
China,19,26.3,99.9,1-50 Deaths
Iran,18,29.6,52.5,>1001 Deaths
China,19,39.8,114.5,1-50 Deaths
Greece,19,36.9,26.0,51-100 Deaths
China,19,28.0,104.0,>1001 Deaths
China,19,24.6,98.6,1-50 Deaths
Kyrgyzstan,19,42.142,73.575,51-100 Deaths
China,18,34.1,113.8,101-1000 Deaths
Indonesia,19,-7.0,116.0,>1001 Deaths
China,18,35.8,114.4,1-50 Deaths
California,19,34.213,-118.537,51-100 Deaths
Turkey,18,37.93,28.84,>1001 Deaths
Colombia,19,1,-77.5,1-50 Deaths
California,19,37.036,-121.883,51-100 Deaths
Uzbekistan,19,40.8,72.3,>1001 Deaths
Peru,18,-12.13,-77.809,1-50 Deaths
Peru,19,-12.27,-77.79,51-100 Deaths
Turkey,19,39.1,42.5,>1001 Deaths
Taiwan,18,24.5,120.7,1-50 Deaths
Chile,19,-32.5,-71.2,51-100 Deaths
Taiwan,18,24.1,120.5,101-1000 Deaths
China,18,39.1,121.6,1-50 Deaths
Colombia,19,2.9,-74.9,51-100 Deaths
Peru,18,-16.107,-72.967,101-1000 Deaths
Taiwan,18,25,121.5,1-50 Deaths
Indonesia,19,-9.2,113.1,51-100 Deaths
China,18,37.5,105.2,101-1000 Deaths
China,19,39.88,76.2,>1001 Deaths
China,19,24.4,102.5,1-50 Deaths
Taiwan,18,25.2,121.2,101-1000 Deaths
Iran,18,37.2,58.4,>1001 Deaths
Indonesia,19,0.5,126.0,1-50 Deaths
Israel,18,33.0,35.5,>1001 Deaths
China,19,26.6,103.0,1-50 Deaths
Turkey,19,39.12,44.03,>1001 Deaths
China,19,24.4,102.5,1-50 Deaths
China,19,24.57,98.953,51-100 Deaths
China,19,24.531,98.71,51-100 Deaths
India,18,26.0,91.0,>1001 Deaths
China,19,39.664,118.401,51-100 Deaths
Greece,18,38.25,26.25,51-100 Deaths
China,18,23.7,102.5,101-1000 Deaths
Algeria,19,36.195,1.354,>1001 Deaths
Peru,19,-13.1,-76.2,1-50 Deaths
Argentina,19,-31.03,-67.77,51-100 Deaths
China,19,26.7,102.9,1-50 Deaths
Greece,18,41.2,24.5,51-100 Deaths
China,18,28.6,87.1,101-1000 Deaths
Turkey,19,39.7,40.4,1-50 Deaths
Cuba,18,22.4,-83.0,51-100 Deaths
China,19,25,102.0,1-50 Deaths
Greece,18,36.3,27.5,51-100 Deaths
Italy,19,40.914,15.366,>1001 Deaths
Mexico,19,16.7,-101.5,1-50 Deaths
Greece,18,37.8,27.0,51-100 Deaths
China,18,36.6,118.5,101-1000 Deaths
Ecuador,19,-0.4,-78.3,51-100 Deaths
Taiwan,19,23.772,120.982,>1001 Deaths
China,19,31.8,102.2,1-50 Deaths
Puerto Rico,19,18.5,-67.5,51-100 Deaths
China,18,33,104.6,1-50 Deaths
South Carolina,18,32.9,-80.0,51-100 Deaths
India,20,23.419,70.232,>1001 Deaths
China,18,43.6,93.0,51-100 Deaths
China,18,30.0,99.0,>1001 Deaths
Cyprus,19,35.046,32.279,1-50 Deaths
Greece,18,37.0,22.0,51-100 Deaths
Turkey,18,36.2,36.2,>1001 Deaths
China,19,27,100.0,1-50 Deaths
China,18,41.7,82.8,51-100 Deaths
Iran,19,33.825,59.809,>1001 Deaths
Azerbaijan,19,40.7,48.6,51-100 Deaths
Taiwan,18,23.4,120.4,101-1000 Deaths
Turkey,18,38.1,30.2,>1001 Deaths
China,19,41.45,79.367,1-50 Deaths
Greece,18,38.3,21.8,51-100 Deaths
Chile,19,-32.663,-71.551,1-50 Deaths
Italy,18,37.7,15.1,51-100 Deaths
China,18,26.1,99.9,101-1000 Deaths
Philippines,19,16.498,120.815,1-50 Deaths
Algeria,20,36.964,3.634,>1001 Deaths
Bosnia-Herzegovina,19,42.967,17.734,1-50 Deaths
Azerbaijan,18,40.7,48.5,51-100 Deaths
Colombia,18,7.9,-72.5,>1001 Deaths
Georgia,19,41.431,43.737,1-50 Deaths
Greece,18,37.25,21.75,51-100 Deaths
Iran,18,36.1,52.6,101-1000 Deaths
Ecuador,18,0.31,-78.18,>1001 Deaths
Venezuela,19,10.597,-62.928,1-50 Deaths
Greece,18,36.5,22.3,51-100 Deaths
Argentina,19,-33.053,-68.467,1-50 Deaths
Italy,18,43.4,10.6,51-100 Deaths
Armenia,19,40.987,44.185,>1001 Deaths
Bulgaria,19,43.274,25.912,1-50 Deaths
Papua New Guinea,19,-6.088,147.689,1-50 Deaths
Greece,18,37.0,22.0,51-100 Deaths
Chile,19,-19.022,-69.991,1-50 Deaths
Greece,18,37.7,20.9,51-100 Deaths
Iran,18,29.8,52.4,101-1000 Deaths
China,18,27.8,102.3,>1001 Deaths
Philippines,19,12.376,121.067,1-50 Deaths
Balkans Nw,18,43.6,16.7,51-100 Deaths
California,19,41.117,-124.253,1-50 Deaths
Italy,19,41.051,14.601,1-50 Deaths
Greece,18,39.5,20.5,51-100 Deaths
China,18,31.7,100.3,101-1000 Deaths
Venezuela-N Colombia,19,8.117,-72.527,1-50 Deaths
Greece,18,39.8,20.3,51-100 Deaths
China,19,31.907,99.931,1-50 Deaths
Greece,18,38.5,22.5,51-100 Deaths
Afghanistan,19,36.372,70.738,1-50 Deaths
Italy,18,46.2,12.4,51-100 Deaths
Belgium,19,50.696,5.346,1-50 Deaths
Greece,18,39.4,26.2,51-100 Deaths
China,19,35.206,115.213,1-50 Deaths
Algeria,18,36.4,2.7,51-100 Deaths
Colombia,18,5.3,-74.6,101-1000 Deaths
Turkey,19,40.76,29.97,>1001 Deaths
Indonesia,19,1.131,120.858,1-50 Deaths
Albania,18,40.4,19.5,51-100 Deaths
Italy,18,40.3,16.0,>1001 Deaths
Chile,19,-26.535,-70.563,1-50 Deaths
Greece,18,36.4,22.2,51-100 Deaths
Indonesia,19,5.723,94.722,1-50 Deaths
Kyrgyzstan,18,42.7,74.1,51-100 Deaths
El Salvador,19,13.313,-89.339,1-50 Deaths
Greece,18,38.2,22.1,51-100 Deaths
Italy,18,40.7,13.9,>1001 Deaths
Philippines,19,15.766,119.74,1-50 Deaths
Costa Rica,19,9.685,-83.073,51-100 Deaths
China,18,25.6,100.6,101-1000 Deaths
Turkey,18,40.2,29.1,>1001 Deaths
Balkans Nw,19,41.959,21.54,1-50 Deaths
Greece,19,38.5,20.3,51-100 Deaths
Turkmenistan,19,37.95,58.32,>1001 Deaths
Indonesia,19,-2.071,124.891,1-50 Deaths
Italy,18,37.6,15.0,51-100 Deaths
China,19,23.5,117.2,>1001 Deaths
Italy,18,37.8,14.0,51-100 Deaths
Tajikistan,19,39.2,70.8,>1001 Deaths
Turkey,20,40.693,32.992,1-50 Deaths
Peru,19,-17.0,-74.0,51-100 Deaths
Turkey,19,41.4,32.7,>1001 Deaths
Algeria,19,35.321,-1.281,1-50 Deaths
Colombia-Ecuador,19,1.5,-79.5,101-1000 Deaths
Italy,19,44.3,10.3,>1001 Deaths
Turkey,20,38.457,31.351,1-50 Deaths
China,19,30.5,91.5,51-100 Deaths
China,19,37.35,114.92,101-1000 Deaths
Turkey,19,40.7,30.9,101-1000 Deaths
Pakistan,19,24.5,63.0,>1001 Deaths
Greece,18,38.2,21.8,51-100 Deaths
Philippines,20,12.025,125.416,1-50 Deaths
Turkey,19,40.0,42.0,51-100 Deaths
Algeria,18,36.4,2.8,>1001 Deaths
New Zealand,20,-39.011,178.291,1-50 Deaths
Algeria,19,35.75,5,101-1000 Deaths
Italy,19,40.775,15.766,1-50 Deaths
Peru,19,-4.0,-80.7,51-100 Deaths
Italy,19,37.3,15.438,1-50 Deaths
Italy,18,44.3,9.4,51-100 Deaths
Chile,19,-35.0,-72,101-1000 Deaths
Greece,19,41.004,22.3,1-50 Deaths
Peru,19,-15.75,-72.75,51-100 Deaths
Kyrgyzstan,19,41.019,72.429,1-50 Deaths
Greece,19,38.0,20.5,51-100 Deaths
Myanmar (Burma),19,17.3,96.5,101-1000 Deaths
Greece,18,35.5,25.0,>1001 Deaths
California,19,34.262,-118.002,1-50 Deaths
Turkey,19,40.7,30.8,51-100 Deaths
China,19,31.9,103.4,>1001 Deaths
Chile,19,-23.34,-70.294,1-50 Deaths
Chile,18,-21.5,-70.5,51-100 Deaths
Italy,19,41.1,15.4,>1001 Deaths
Greece,19,35.8,24.8,51-100 Deaths
Pakistan,19,29.5,66.8,>1001 Deaths
Greece,19,38.401,22.283,1-50 Deaths
Italy,18,42.8,13.1,51-100 Deaths
Ecuador,19,-0.75,-81.5,101-1000 Deaths
Turkey,18,38.3,26.2,>1001 Deaths
China,18,43.8,87.6,1-50 Deaths
Chile,19,-36.25,-72.25,>1001 Deaths
Oregon,19,42.314,-122.012,1-50 Deaths
Colombia,18,1.2,-77.0,51-100 Deaths
Venezuela,18,10.6,-66.9,>1001 Deaths
Vanuatu Islands,19,-15.5,167.2,1-50 Deaths
Greece,19,36.5,27.5,51-100 Deaths
Iran,19,35.2,59.2,>1001 Deaths
California,19,34.412,-118.4,51-100 Deaths
China,19,31.5,101.0,>1001 Deaths
Iran,19,31.599,51.037,1-50 Deaths
China,19,35.4,115.1,101-1000 Deaths
China,19,24.1,102.5,>1001 Deaths
China,19,28.9,103.7,1-50 Deaths
Italy,18,39.3,16.3,51-100 Deaths
Iran,19,36.3,53.5,101-1000 Deaths
China,18,36.4,114.2,>1001 Deaths
Peru-Ecuador,19,-2.7,-77.4,1-50 Deaths
Greece,18,38.75,20.75,51-100 Deaths
Panama,18,10.0,-79.0,51-100 Deaths
California,19,33.62,-117.97,101-1000 Deaths
Balkans Nw,19,42.1,21.3,>1001 Deaths
Solomon Islands,19,-9.965,160.731,1-50 Deaths
India,19,23.0,70,101-1000 Deaths
Spain,18,38.2,-0.9,>1001 Deaths
China,19,28.6,103.6,101-1000 Deaths
Italy-Balkans Nw,19,46.28,13.16,1-50 Deaths
China,19,35.4,103.4,101-1000 Deaths
Philippines,19,16.77,122.33,1-50 Deaths
Turkey,19,39.2,29.5,>1001 Deaths
China,19,40.774,109.661,1-50 Deaths
Peru,19,-9.2,-78.8,>1001 Deaths
Chile,18,-36.83,-73.03,1-50 Deaths
Georgia,19,42.453,43.673,101-1000 Deaths
Greece,19,37.5,22.1,1-50 Deaths
Colombia,19,7.8,-72.5,101-1000 Deaths
China,18,39.8,76.6,1-50 Deaths
India,19,33.0,76.0,>1001 Deaths
China,18,39.7,75.9,1-50 Deaths
Morocco,19,30.45,-9.62,>1001 Deaths
The Netherlands,19,51.153,5.798,1-50 Deaths
China,19,27.291,100.276,101-1000 Deaths
Peru,19,-14.993,-75.675,1-50 Deaths
Iran,19,34.0,59.0,>1001 Deaths
Iraq,19,36.52,44.066,1-50 Deaths
Morocco,20,35.142,-3.997,101-1000 Deaths
China,19,24.4,103.0,1-50 Deaths
Azores,19,38.46,-28.31,1-50 Deaths
Chile,20,-36.122,-72.898,101-1000 Deaths
Romania,19,45.364,21.057,1-50 Deaths
Egypt,19,28.826,34.799,1-50 Deaths
Greece,19,38.119,23.605,101-1000 Deaths
Washington,19,47.4,-122.3,1-50 Deaths
Chile,19,-33.0,-72.0,>1001 Deaths
Bulgaria,19,43.4,28.7,1-50 Deaths
Turkey,19,40.758,31.161,101-1000 Deaths
Japan,19,34.583,135.018,>1001 Deaths
Turkey,19,39.1,41.6,1-50 Deaths
Chile,19,-28.5,-71.0,1-50 Deaths
North Corinth Gulf,19,38.267,22.3,1-50 Deaths
Chile,18,-18.6,-71.0,>1001 Deaths
Chile,20,-22.247,-69.89,1-50 Deaths
China,19,36.75,102.0,>1001 Deaths
Iran,19,37.1,57.9,1-50 Deaths
Japan,18,39.9,139.9,51-100 Deaths
Indonesia,18,-6.9,108.3,1-50 Deaths
Jamaica,18,18.0,-76.8,51-100 Deaths
Peru,19,-10.748,-78.638,101-1000 Deaths
China,19,39.57,117.98,>1001 Deaths
Turkey,19,41.8,32.3,1-50 Deaths
Venezuela,18,8.8,-70.9,51-100 Deaths
India,18,23.0,71.0,>1001 Deaths
Chile,18,-19.92,-70.335,1-50 Deaths
Ethiopia,18,12.3,39.0,51-100 Deaths
Nepal; India,19,26.773,86.762,>1001 Deaths
Indonesia,20,-3.609,135.404,1-50 Deaths
Japan,18,35.5,139.5,51-100 Deaths
Mexico,20,16.493,-98.231,1-50 Deaths
Greece,18,38.5,22.5,51-100 Deaths
China,18,25.2,103.0,>1001 Deaths
California,19,38.467,-122.692,1-50 Deaths
Virgin Islands,18,18.35,-64.9,51-100 Deaths
Ecuador,18,0.81,-77.72,1-50 Deaths
Papua New Guinea,18,-5.5,146.0,51-100 Deaths
Guinea,19,11.866,-13.529,101-1000 Deaths
Italy,18,41.2,14.7,>1001 Deaths
Turkey,19,39.1,28.7,1-50 Deaths
Turkey,18,38.7,29.4,51-100 Deaths
China,19,47.1,89.8,>1001 Deaths
China,18,33,104.6,1-50 Deaths
Ethiopia,18,16.0,38.5,51-100 Deaths
Colombia,19,1.598,-79.358,101-1000 Deaths
California,20,35.706,-121.102,1-50 Deaths
Papua New Guinea,19,-7.0,149.0,51-100 Deaths
Balkans Nw,19,42.096,19.209,101-1000 Deaths
Greece-Albania,19,39.536,20.398,1-50 Deaths
Morocco,19,35.6,-5.4,51-100 Deaths
Mexico,19,16.059,-96.931,1-50 Deaths
Taiwan,19,25.5,122.5,51-100 Deaths
Balkans Nw,19,44.209,20.08,1-50 Deaths
Tajikistan,19,38.2,72.8,51-100 Deaths
Mexico,19,18.211,-98.24,101-1000 Deaths
Austria,19,46.245,13.652,1-50 Deaths
Japan,19,39.2,139.8,51-100 Deaths
Albania,18,40.5,19.7,>1001 Deaths
France,19,43.2,-0.5,1-50 Deaths
Taiwan,19,23.9,120.9,51-100 Deaths
Turkey,19,41.0,33.7,>1001 Deaths
Armenia; Azerbaijan,18,40.5,48.1,1-50 Deaths
El Salvador,19,13.69,-89.19,51-100 Deaths
Taiwan,18,23.8,120.5,1-50 Deaths
China,19,36.8,83.8,51-100 Deaths
Turkey,19,38.1,27.4,101-1000 Deaths
Algeria,19,36.283,1.467,>1001 Deaths
Papua New Guinea,19,-4.907,145.471,1-50 Deaths
Indonesia,19,-7.3,109.8,51-100 Deaths
Venezuela,18,10.3,-66.8,101-1000 Deaths
Algeria,19,36.08,5.07,1-50 Deaths
Italy,19,38.8,16.0,51-100 Deaths
Iran,18,37.5,57.4,101-1000 Deaths
Turkey,19,40.324,27.222,1-50 Deaths
Turkey,19,37.919,40.211,51-100 Deaths
Philippines,18,14.55,120.9,101-1000 Deaths
India-China,19,28.5,96.5,>1001 Deaths
Mexico,20,18.77,-104.104,1-50 Deaths
Iran,19,36.3,53.3,51-100 Deaths
Albania,19,40.5,19.5,101-1000 Deaths
Italy,19,42.0,13.5,>1001 Deaths
Italy,19,42.5,11.8,1-50 Deaths
China,19,39.5,74.2,51-100 Deaths
New Zealand,19,-39.772,176.025,101-1000 Deaths
Turkey; Syria,18,36.0,36.0,>1001 Deaths
China,18,38.1,115.5,1-50 Deaths
China,19,42.7,121.3,51-100 Deaths
Italy,18,40.7,13.9,101-1000 Deaths
China,18,33.2,104.7,>1001 Deaths
Philippines,19,18.231,120.86,1-50 Deaths
Peru,19,-14.2,-71.5,51-100 Deaths
Indonesia,18,1.48,124.85,101-1000 Deaths
Washington,20,47.149,-122.727,1-50 Deaths
Algeria,19,36.1,4.5,51-100 Deaths
Russia,18,43.5,47.5,101-1000 Deaths
China,18,23,101.1,1-50 Deaths
Chile,19,-38.0,-73.5,51-100 Deaths
Colombia,19,1.0,-77.5,101-1000 Deaths
Turkey,18,36.0,36.0,>1001 Deaths
Colombia,19,5.1,-75.5,1-50 Deaths
China,19,30.3,102.5,51-100 Deaths
Iran,19,37.2,57.7,101-1000 Deaths
Japan,19,40.462,139.102,1-50 Deaths
Peru,19,-13.5,-72.0,51-100 Deaths
Italy,19,38.17,15.58,>1001 Deaths
China,19,23.7,102.7,1-50 Deaths
Venezuela,19,10.5,-68.0,51-100 Deaths
Turkey,19,40.2,37.8,101-1000 Deaths
Turkey,19,40,30.5,1-50 Deaths
Taiwan,19,23.8,121.7,51-100 Deaths
Italy,18,42.5,11.8,101-1000 Deaths
Turkey,19,39.7,39.4,1-50 Deaths
Afghanistan,19,35.1,67.5,51-100 Deaths
Turkey,18,38.3,38.3,101-1000 Deaths
China,19,31.7,102.3,1-50 Deaths
Japan,19,25.0,125.0,51-100 Deaths
China,19,29.5,91.5,101-1000 Deaths
Greece,18,38.25,26.25,>1001 Deaths
Italy,19,43.26,12.558,1-50 Deaths
Peru,19,-15.0,-75.0,51-100 Deaths
Ethiopia,18,9.6,39.8,101-1000 Deaths
Philippines,19,14.5,121.5,1-50 Deaths
Iran,19,27.9,54.6,51-100 Deaths
Indonesia,19,5.354,126.121,101-1000 Deaths
Chile,19,-38.143,-73.407,>1001 Deaths
China,19,41,108.8,1-50 Deaths
Iran,19,34.4,47.9,51-100 Deaths
China,19,24.15,102.45,101-1000 Deaths
Italy,19,41.765,13.898,1-50 Deaths
India,19,33.9,74.8,51-100 Deaths
Indonesia,19,-1.829,136.943,101-1000 Deaths
Turkey,19,39.77,39.533,>1001 Deaths
China,19,29.4,102.3,1-50 Deaths
Mexico,19,18.3,-100.4,51-100 Deaths
Turkey,18,40.98,34.8,101-1000 Deaths
China,19,36.601,105.317,>1001 Deaths
Montana,19,46.6,-112.0,1-50 Deaths
Indonesia,19,-2.4,126.1,51-100 Deaths
Venezuela,18,10.5,-64.2,101-1000 Deaths
Chile,19,-25.5,-70.7,1-50 Deaths
Indonesia,19,-3.7,119.3,51-100 Deaths
Indonesia,18,-7.0,119,101-1000 Deaths
Indonesia,19,6.1,94.7,1-50 Deaths
Turkey,19,39.5,40.4,51-100 Deaths
Venezuela,18,8.5,-71.7,101-1000 Deaths
Montana,19,46.6,-112.0,1-50 Deaths
Indonesia,19,-3.1,118.9,51-100 Deaths
China,18,30.5,101.5,101-1000 Deaths
Turkey,19,39.2,28.2,1-50 Deaths
Turkey,19,38.6,28.4,51-100 Deaths
Spain,18,36.95,-3.983,101-1000 Deaths
Algeria,19,36.4,7.5,1-50 Deaths
Pakistan,19,36.0,73.4,51-100 Deaths
Turkey,18,39.7,44.4,101-1000 Deaths
China,19,27.4,104.0,1-50 Deaths
Mexico,19,18.48,-103.0,51-100 Deaths
Turkey,19,38.1,38.6,101-1000 Deaths
Washington,19,47.167,-122.617,1-50 Deaths
Iran,19,32.14,49.65,51-100 Deaths
Turkey; Armenia,19,40.7,43.7,101-1000 Deaths
Philippines,19,17,121.63,1-50 Deaths
Colombia,19,4.805,-76.217,51-100 Deaths
Martinique,18,14.4,-61.1,101-1000 Deaths
Indonesia,19,3.5,97.5,1-50 Deaths
Papua New Guinea,19,-6.06,146.23,51-100 Deaths
Jordan,18,31.3,35.6,101-1000 Deaths
China,19,31.452,119.241,1-50 Deaths
Papua New Guinea,19,-5.889,146.02,51-100 Deaths
Indonesia,18,-1.0,97.5,101-1000 Deaths
California,19,35.333,-118.917,1-50 Deaths
Philippines,19,13.525,121.067,51-100 Deaths
China,19,43.5,85,101-1000 Deaths
Greece,19,39.481,20.699,1-50 Deaths
Indonesia,19,-2.045,101.436,51-100 Deaths
Canary Islands,18,28.2,-16.6,101-1000 Deaths
Greece,19,40.739,23.229,1-50 Deaths
Mexico,19,19.055,-104.205,51-100 Deaths
Ecuador,19,1.0,-81.5,101-1000 Deaths
Turkey,19,40.3,34.6,1-50 Deaths
China,19,26.003,102.227,51-100 Deaths
Indonesia,19,-7.3,109.9,101-1000 Deaths
Turkey,19,40.6,35.0,1-50 Deaths
Indonesia,19,-0.891,136.952,51-100 Deaths
Iran,18,38.25,48.28,101-1000 Deaths
Greece,19,38.222,22.934,1-50 Deaths
Pakistan,19,29.976,68.208,51-100 Deaths
Algeria,19,35.1,5.2,101-1000 Deaths
Indonesia,19,-6.7,106.7,1-50 Deaths
Afghanistan,19,34.259,69.364,51-100 Deaths
Greece,18,38.6,23.2,101-1000 Deaths
Turkey,19,38.9,29.3,1-50 Deaths
Iran,20,33.5,48.78,51-100 Deaths
China,19,40.64,122.58,101-1000 Deaths
Balkans Nw,19,40.883,19.59,1-50 Deaths
Solomon Islands,20,-8.466,157.043,51-100 Deaths
Japan,19,38.19,142.028,1-50 Deaths
Kyrgyzstan,20,39.533,73.824,51-100 Deaths
Iran,19,36.8,54.5,1-50 Deaths
Indonesia,20,-7.782,107.297,51-100 Deaths
China,19,39.5,119.0,1-50 Deaths
Turkey,20,38.864,39.986,51-100 Deaths
Philippines,19,7.5,123.5,101-1000 Deaths
Iran,19,32.5,59.1,1-50 Deaths
Myanmar,20,20.687,99.822,51-100 Deaths
Turkey,19,38.2,31.8,1-50 Deaths
Philippines,20,9.999,123.206,51-100 Deaths
Turkey,19,38,28.9,1-50 Deaths
Afghanistan,20,36.023,69.351,51-100 Deaths
Italy,19,41.831,13.961,1-50 Deaths
China,20,27.575,103.983,51-100 Deaths
China,19,31.4,115.0,1-50 Deaths
Guatemala,20,13.988,-91.895,51-100 Deaths
Mexico,19,17.2,-99.6,1-50 Deaths
China,20,34.512,104.262,51-100 Deaths
Chile,19,-29.9,-71.3,1-50 Deaths
Costa Rica,19,9.869,-84.302,1-50 Deaths
Balkans Nw,19,45.3,18.1,1-50 Deaths
Australia,19,-32.967,151.619,1-50 Deaths
Japan,19,42.158,142.361,101-1000 Deaths
China,19,43.5,91.5,1-50 Deaths
Algeria,19,36.788,2.448,1-50 Deaths
Italy,18,38.3,15.9,101-1000 Deaths
China,19,39.893,113.884,1-50 Deaths
Venezuela,19,11.0,-66,101-1000 Deaths
Japan,19,35.362,140.214,1-50 Deaths
Albania,18,40.1,19.4,101-1000 Deaths
China,19,23.72,114.67,1-50 Deaths
New Zealand,19,-37.8,178.2,1-50 Deaths
Italy,19,46.356,13.275,101-1000 Deaths
Turkey,19,38.1,38.3,1-50 Deaths
Georgia,19,42.461,44.009,1-50 Deaths
China,19,40.7,111.6,1-50 Deaths
Italy,18,39.2,16.3,101-1000 Deaths
Colombia,19,4,-74.0,1-50 Deaths
Philippines,18,14.5,121,101-1000 Deaths
Iran,19,35.1,58.7,1-50 Deaths
Syria,20,35.683,35.8,101-1000 Deaths
Papua New Guinea,19,-5.599,151.045,1-50 Deaths
Greece,18,38.4,20.2,101-1000 Deaths
Indonesia,19,-9.5,112.5,1-50 Deaths
Turkey,18,38.53,30.55,101-1000 Deaths
China,19,25.926,102.871,1-50 Deaths
Greece,18,37.1,21.5,101-1000 Deaths
China,19,26.8,103.0,1-50 Deaths
Albania,18,40.5,19.7,101-1000 Deaths
Iran,19,33.8,59.15,1-50 Deaths
Afghanistan,19,36.19,70.896,1-50 Deaths
Turkey,19,40.885,42.219,1-50 Deaths
China,19,22.789,99.611,101-1000 Deaths
Argentina,19,-24.7,-66.3,1-50 Deaths
Iran,18,36.6,54.6,101-1000 Deaths
Turkey,19,38,30.5,1-50 Deaths
Italy,18,43.9,8.1,101-1000 Deaths
California,19,34.061,-118.078,1-50 Deaths
Iran,19,37.3,57.9,1-50 Deaths
Taiwan,19,23.901,121.574,1-50 Deaths
Italy,18,39.3,16.3,101-1000 Deaths
Indonesia,19,-8.2,122.0,1-50 Deaths
Albania,18,39.5,20.5,101-1000 Deaths
Romania,19,45.547,26.316,1-50 Deaths
Afghanistan,19,36.61,67.79,1-50 Deaths
Turkey,18,40.2,29.1,101-1000 Deaths
China,19,29.5,100.5,101-1000 Deaths
India,18,23.583,68.367,1-50 Deaths
Turkey,19,39.0,40.5,101-1000 Deaths
Chile,19,-20.52,-68.92,1-50 Deaths
Peru,19,-10.5,-75,101-1000 Deaths
Chile,18,-33.32,-71.42,1-50 Deaths
Mexico,19,19.26,-96.97,101-1000 Deaths
Chile,18,-31.61,-71.18,1-50 Deaths
Algeria,18,35.07,0.02,101-1000 Deaths
Greece,18,38.8,20.5,1-50 Deaths
China,18,43.7,83.0,>1001 Deaths
Peru,19,-14.2,-72.9,101-1000 Deaths
Indonesia,18,-8.0,115.0,>1001 Deaths
Italy,19,37.7,15.2,101-1000 Deaths
Iran,18,29.7,51.6,>1001 Deaths
Balkans Nw,19,44.9,17.3,1-50 Deaths
China,19,39.7,96.7,101-1000 Deaths
Japan,18,37.5,139.5,>1001 Deaths
Barbados,18,13.1,-59.617,>1001 Deaths
Greece,19,38.3,20.8,101-1000 Deaths
Israel,18,32.0,34.5,>1001 Deaths
Greece,18,37.8,21.2,101-1000 Deaths
Haiti,18,19.75,-72.2,>1001 Deaths
China,18,32.8,116.8,1-50 Deaths
Iran,18,33.6,51.4,>1001 Deaths
Mexico,19,19.5,-104.25,101-1000 Deaths
Iran,18,37.4,48.0,>1001 Deaths
Turkey,19,40.9,36.5,101-1000 Deaths
Japan,18,37.0,138.0,>1001 Deaths
Japan,18,35.0,136.0,>1001 Deaths
Turkey,18,40.2,29.1,>1001 Deaths
China,18,34.6,103.7,1-50 Deaths
Greece,19,39.8,23.8,101-1000 Deaths
Japan,18,35.65,139.8,>1001 Deaths
California,18,34.2,-119.9,1-50 Deaths
Turkey,19,40.6,30.5,101-1000 Deaths
Italy,18,39.4,16.4,>1001 Deaths
Turkey,18,39.9,41.3,>1001 Deaths
Chile,18,-30,-71.4,1-50 Deaths
Argentina,18,-32.8,-68.8,>1001 Deaths
Bulgaria,19,42.2,25.3,101-1000 Deaths
India,18,33.5,75.0,>1001 Deaths
China,18,39.1,121.7,1-50 Deaths
Spain,18,36.9,-2.4,101-1000 Deaths
Japan,18,35.5,137.0,>1001 Deaths
Romania,19,45.8,26.8,101-1000 Deaths
Iran,18,37.1,58.4,>1001 Deaths
California,18,34.37,-117.65,1-50 Deaths
Japan,18,39.5,144.0,>1001 Deaths
Papua New Guinea,19,-5.5,153.9,1-50 Deaths
Balkans Nw,19,44.4,20.4,101-1000 Deaths
Indonesia,18,-3.0,128.5,>1001 Deaths
Peru,19,-16.5,-72.0,1-50 Deaths
Peru,19,-10.5,-77,101-1000 Deaths
Guatemala,19,14.0,-91.0,>1001 Deaths
Iran,19,36.9,57.8,1-50 Deaths
Turkey,19,39.4,33.8,101-1000 Deaths
Turkey,19,39.1,42.4,>1001 Deaths
Albania,19,40.3,19.6,1-50 Deaths
Kazakhstan,19,43.5,77.5,101-1000 Deaths
Taiwan,19,23.6,120.5,>1001 Deaths
Venezuela,19,10.5,-64.2,1-50 Deaths
Iran,19,33.0,50.0,>1001 Deaths
Italy,19,39.0,16,101-1000 Deaths
Costa Rica,19,9.8,-84.0,>1001 Deaths
Greece,19,38,23.0,1-50 Deaths
Turkey,19,40.5,27.2,>1001 Deaths
Off Coast Of Peru,19,-3.4,-80.6,1-50 Deaths
Guatemala,19,14.6,-90.6,>1001 Deaths
Albania,19,42.1,19.6,101-1000 Deaths
Japan,19,35.1,139.5,>1001 Deaths
China,19,25.7,100.4,>1001 Deaths
Ethiopia,19,10.4,39.9,1-50 Deaths
Japan,19,35.6,135.1,>1001 Deaths
Italy,19,43.667,13.267,1-50 Deaths
Iran,19,37.8,57.6,>1001 Deaths
China,19,30,101.8,1-50 Deaths
Iran,19,38.1,44.7,>1001 Deaths
Colombia,19,1.2,-77.2,1-50 Deaths
Nicaragua,19,13.2,-85.7,>1001 Deaths
Algeria,19,37,8.0,1-50 Deaths
Taiwan,19,24.6,120.8,>1001 Deaths
Peru,19,-15,-76.0,1-50 Deaths
Japan,19,35.3,133.9,>1001 Deaths
Indonesia,19,-9.4,110.2,1-50 Deaths
Peru,19,-5.62,-80.413,101-1000 Deaths
Argentina,19,-31.5,-68.5,>1001 Deaths
China,19,42,84.0,1-50 Deaths
Italy,19,38.133,16.017,101-1000 Deaths
Japan,19,34.0,137.1,>1001 Deaths
Ghana,19,5.18,-0.13,1-50 Deaths
Turkey,18,38.5,35.5,101-1000 Deaths
Japan,19,34.7,137.2,>1001 Deaths
Turkey,19,39.1,26.8,1-50 Deaths
China,19,37.5,115.1,101-1000 Deaths
Japan,19,33.0,135.6,>1001 Deaths
Turkey,19,38.4,35.5,1-50 Deaths
Japan,19,36.5,136.0,>1001 Deaths
China,19,23.6,99.4,1-50 Deaths
Ecuador,19,-1.5,-78.2,>1001 Deaths
Turkey,19,39.4,26.7,1-50 Deaths
Papua New Guinea,19,-9.3,147.1,>1001 Deaths
Uganda,19,       ,32.0,1-50 Deaths
Greece,18,35.5,26,101-1000 Deaths
El Salvador,19,13.0,-87.8,>1001 Deaths
Greece,19,38.58,26.23,1-50 Deaths
California,19,37.67,-122.48,101-1000 Deaths
Turkey,19,40.0,27.5,>1001 Deaths
Peru,19,-11.7,-75.1,101-1000 Deaths
Afghanistan,19,36.0,66.0,>1001 Deaths
Turkey,19,37.5,27.0,1-50 Deaths
Iran,19,34.3,47.8,>1001 Deaths
China,19,26.6,101.8,1-50 Deaths
Nicaragua,19,12.4,-86.1,>1001 Deaths
Italy,19,42,14.2,1-50 Deaths
Italy,18,39.6,16.6,101-1000 Deaths
China,19,28.24,104.01,>1001 Deaths
Japan,19,42.15,143.85,1-50 Deaths
Indonesia,19,-4.603,140.091,>1001 Deaths
Greece,19,36.9,22.0,1-50 Deaths
Myanmar (Burma),18,21.9,96,101-1000 Deaths
Romania,19,45.777,26.703,>1001 Deaths
Turkey,18,40.5,29.1,1-50 Deaths
Iran,19,33.386,57.434,>1001 Deaths
California,19,34.201,-116.436,1-50 Deaths
Chile,18,-33.0,-72,101-1000 Deaths
Iran,19,29.913,57.715,>1001 Deaths
Russia,19,43.773,147.321,1-50 Deaths
Bulgaria,19,42.1,25,101-1000 Deaths
Iran,19,30.013,57.794,>1001 Deaths
Japan,19,40.525,143.419,1-50 Deaths
Greece,18,38.7,23.1,101-1000 Deaths
Turkey,19,40.33,42.187,>1001 Deaths
El Salvador,19,13.827,-89.118,>1001 Deaths
Djibouti,19,11.766,41.942,1-50 Deaths
Italy,18,41.0,15.7,101-1000 Deaths
Ecuador,19,0.083,-77.785,>1001 Deaths
Japan,20,34.083,132.526,1-50 Deaths
Egypt,18,29.5,30.5,101-1000 Deaths
Indonesia,19,-8.48,121.896,>1001 Deaths
Philippines,19,13,123.9,1-50 Deaths
Afghanistan,19,37.075,70.089,>1001 Deaths
Tajikistan,19,40.301,69.823,1-50 Deaths
Afghanistan,19,37.106,70.11,>1001 Deaths
Peru,19,-14.1,-73.3,1-50 Deaths
Colombia,19,4.461,-75.724,>1001 Deaths
Peru,19,-6.8,-76.8,1-50 Deaths
Albania,19,40.2,20,101-1000 Deaths
Indonesia,20,3.316,95.854,>1001 Deaths
Philippines,19,13.4,122.8,1-50 Deaths
Indonesia,20,2.085,97.108,>1001 Deaths
Japan,19,34.5,138.7,1-50 Deaths
Colombia,18,1.8,-76.4,101-1000 Deaths
Indonesia,20,-7.961,110.446,>1001 Deaths
Philippines,18,16,121.85,1-50 Deaths
Peru,19,-8.5,-77.5,101-1000 Deaths
Indonesia,20,-0.72,99.867,>1001 Deaths
Greece,19,38.209,23.288,1-50 Deaths
Haiti,20,18.457,-72.533,>1001 Deaths
China,20,33.165,96.548,>1001 Deaths
Venezuela,19,10.5,-62.6,1-50 Deaths
Japan,20,38.297,142.372,>1001 Deaths
Ethiopia,19,11.9,41.21,1-50 Deaths
Nepal,20,28.147,84.708,>1001 Deaths
Balkans Nw,19,44.9,17.2,1-50 Deaths
Peru,19,-9.9,-75.6,1-50 Deaths
Greece,19,38.628,21.798,1-50 Deaths
Italy-Balkans Nw,19,46.3,13.2,1-50 Deaths
Costa Rica,19,9.652,-83.688,1-50 Deaths
Idaho,19,43.974,-113.916,1-50 Deaths
Italy-Balkans Nw,19,46.32,13.13,1-50 Deaths
Greece,19,39.269,23.041,1-50 Deaths
Turkey,18,40.8,29.0,1-50 Deaths
Turkey,19,40.8,33.4,1-50 Deaths
Guatemala,18,15.5,-91.5,1-50 Deaths
Indonesia,18,0.8,127.3,1-50 Deaths
Russia,18,43,47.0,1-50 Deaths
Italy,18,43.8,7.8,1-50 Deaths
Turkey,19,38.6,26.9,1-50 Deaths
Guadeloupe; Antigua; St Kitts,18,16.1,-61.3,1-50 Deaths
Greece,18,38.25,23.5,1-50 Deaths
Greece,19,38.8,20.6,1-50 Deaths
Venezuela,18,7.3,-72.3,1-50 Deaths
Balkans Nw,18,46.1,14.5,1-50 Deaths
Italy,18,40.9,15.2,1-50 Deaths
Algeria,18,37.1,5.7,1-50 Deaths
Japan,18,42.5,146.0,1-50 Deaths
Philippines,18,14,120.5,1-50 Deaths
Myanmar (Burma),19,21,97.0,1-50 Deaths
Philippines,19,6,125.0,1-50 Deaths
Algeria,18,36.1,4.6,1-50 Deaths
Italy,18,44.2,10.5,1-50 Deaths
Turkey,19,40.7,33.6,1-50 Deaths
Philippines,18,12.9,123.9,1-50 Deaths
W. Luzon Island,19,9.3,122.7,1-50 Deaths
Ukraine,19,44.4,34.5,1-50 Deaths
California,18,37.7,-122.1,1-50 Deaths
Italy,18,44.833,7.25,1-50 Deaths
California,18,33.5,-117.0,1-50 Deaths
Indonesia,18,-7.8,110.4,1-50 Deaths
Turkey,19,39.7,42.8,1-50 Deaths
Ghana,18,7,0.4,1-50 Deaths
Philippines,19,14,123.0,1-50 Deaths
Bulgaria,19,43.4,28.5,1-50 Deaths
Balkans,18,44.2,21.2,1-50 Deaths
Philippines,18,17.3,120.6,1-50 Deaths
California,18,36.7,-118.1,1-50 Deaths
Greece,18,38,21.0,1-50 Deaths
Chile,18,-20.2,-70.2,1-50 Deaths
Greece,18,38,23.0,1-50 Deaths
Albania,18,40,20.0,1-50 Deaths
Portugal,18,38.2,-9.0,1-50 Deaths
Italy,19,43.084,12.812,1-50 Deaths
Algeria,18,34.9,5.9,1-50 Deaths
Chile,18,-27.35,-70.35,1-50 Deaths
Albania,18,40.3,19.3,1-50 Deaths
Russia,20,50.038,87.813,1-50 Deaths
Dominican Republic,20,19.777,-70.673,1-50 Deaths
Hawaii,18,19,-155.5,1-50 Deaths
Greece,18,38.2,22.2,1-50 Deaths
Algeria,18,36.5,1.8,1-50 Deaths
Algeria,18,35.58,0.33,1-50 Deaths
Greece,19,37.014,22.176,1-50 Deaths
New Zealand,19,-37.965,176.765,1-50 Deaths
Italy,18,37.5,15.0,1-50 Deaths
Turkey,18,38.6,27.1,1-50 Deaths
Chile,18,-31.62,-71.18,1-50 Deaths
Turkey,19,40.3,28.2,1-50 Deaths
Greece,19,39.368,24.957,1-50 Deaths
Peru,19,-17.4,-71.0,1-50 Deaths
Philippines,19,5.5,123.0,1-50 Deaths
Chile,18,-27,-71.5,1-50 Deaths
Greece,18,37.75,21.25,1-50 Deaths
Greece,19,39.4,22.8,1-50 Deaths
Turkey,19,36.4,28.7,1-50 Deaths
Colombia,19,2,-79.0,1-50 Deaths
Greece,19,39.5,23.0,1-50 Deaths
Peru,19,-15.2,-73.2,1-50 Deaths
Greece,19,39.4,23.1,1-50 Deaths
Chile,19,-36.5,-72.5,1-50 Deaths
Cyprus,19,35,32.5,1-50 Deaths
Italy,18,38.1,14.7,1-50 Deaths
Greece,19,39.3,22.2,1-50 Deaths
Turkey,19,40.5,27.5,1-50 Deaths
Peru,19,-5,-78.0,1-50 Deaths
Algeria,18,36.5,2.9,101-1000 Deaths
Japan,18,39.05,139.95,101-1000 Deaths
Mexico,18,18.9,-103.8,101-1000 Deaths
Japan,18,35.4,139.6,101-1000 Deaths
Colombia,19,5.2,-73.2,1-50 Deaths
Chile,18,-27.4,-70.3,101-1000 Deaths
California; Mexico,19,32.733,-115.5,1-50 Deaths
Iran,18,29.6,52.5,101-1000 Deaths
Albania,19,41.7,20.4,1-50 Deaths
Iran,18,36.3,53.3,101-1000 Deaths
Peru,19,-10.5,-76.5,1-50 Deaths
Balkans Nw,18,42.7,18.2,101-1000 Deaths
Alaska,19,61.017,-147.648,1-50 Deaths
Philippines,18,14.25,121.25,101-1000 Deaths
Albania,19,41.5,20.5,1-50 Deaths
Pakistan,18,31.6,74.3,101-1000 Deaths
Turkmenistan,20,38,58.2,1-50 Deaths
India,18,34.2,74.5,101-1000 Deaths
France,19,43.7,5.4,1-50 Deaths
Iran,18,35.7,52.1,101-1000 Deaths
Greece,19,37.9,21.5,1-50 Deaths
Japan,18,35.0,136,101-1000 Deaths
Portugal,19,38.9,-8.8,1-50 Deaths
Afghanistan,18,36.5,71,101-1000 Deaths
Montana,19,44.712,-111.215,1-50 Deaths
El Salvador,18,13.7,-89.2,101-1000 Deaths
Greece,19,37.7,21.8,1-50 Deaths
Costa Rica,18,10.0,-84,101-1000 Deaths
Greece,19,38.6,22.4,1-50 Deaths
Afghanistan,18,34.4,70.5,101-1000 Deaths
Sw. Sumatra,18,1.5,98,101-1000 Deaths
Albania,19,40.9,19.8,1-50 Deaths
Colombia,18,11.1,-74.5,101-1000 Deaths
Russia,19,52.5,159.5,1-50 Deaths
Venezuela,18,10.7,-71.6,101-1000 Deaths
Colombia,18,10.4,-75.4,101-1000 Deaths
Italy,18,42.9,12.6,1-50 Deaths
Pakistan,18,27.7,68.8,101-1000 Deaths
Greece,19,37.75,27.0,1-50 Deaths
El Salvador,18,13.8,-89.2,101-1000 Deaths
Italy,18,40.7,13.9,1-50 Deaths
Japan,18,34.0,137.9,101-1000 Deaths
Arkansas,18,35.6,-90.4,1-50 Deaths
Japan,18,36.0,137.5,101-1000 Deaths
Indonesia,18,0.009,98,101-1000 Deaths
Greece,18,36.5,28.0,1-50 Deaths
Turkey,18,38.8,30.5,101-1000 Deaths
Italy,18,40.1,15.8,1-50 Deaths
Iran,18,38.0,47.6,101-1000 Deaths
Albania,19,40.5,19.5,1-50 Deaths
Greece,18,39.2,26.4,101-1000 Deaths
Greece,19,36,23.0,1-50 Deaths
Nepal,18,27.7,85.3,101-1000 Deaths
Italy,18,46,12.0,1-50 Deaths
Japan,18,34.9,132,101-1000 Deaths
California,19,35,-119.017,1-50 Deaths
El Salvador,18,13.7,-88.7,101-1000 Deaths
Greece,18,38.8,20.8,1-50 Deaths
El Salvador,18,13.6,-89,101-1000 Deaths
Guatemala,18,14.5,-90.7,101-1000 Deaths
Greece,19,38.5,20.5,1-50 Deaths
Afghanistan,18,35.0,69,101-1000 Deaths
Chile,18,-36.83,-73.03,1-50 Deaths
El Salvador,18,13.5,-88.4,101-1000 Deaths
Algeria,19,36,4.0,1-50 Deaths
Turkey,18,38.1,27.8,101-1000 Deaths
Chile,18,-33.05,-71.63,1-50 Deaths
Iran,18,27.1,54.2,101-1000 Deaths
Greece,18,39.2,26.0,1-50 Deaths
Turkey,18,41.3,43.3,101-1000 Deaths
Turkey,18,38.3,43.2,101-1000 Deaths
Mongolia,19,45.5,99.5,1-50 Deaths
Iran,18,29.4,52.3,101-1000 Deaths
Switzerland,18,46.3,7.9,1-50 Deaths
Japan,18,38.9,139.8,101-1000 Deaths
Iran,18,38.5,45,101-1000 Deaths
Japan,18,40.0,141,101-1000 Deaths
Turkey,18,41.6,43.5,101-1000 Deaths
Iran,19,35.2,58.2,101-1000 Deaths
Taiwan,19,23.5,120.3,101-1000 Deaths
Jamaica,19,18.2,-76.8,101-1000 Deaths
Indonesia,19,-2.0,101,101-1000 Deaths
Pakistan,19,30.0,68,101-1000 Deaths
Costa Rica,19,10.0,-84,101-1000 Deaths
Iran,19,31.23,57.03,101-1000 Deaths
El Salvador,19,13.82,-89.31,101-1000 Deaths
Georgia,19,42.0,44.1,101-1000 Deaths
Chile,19,-28.553,-70.755,101-1000 Deaths
Iran,19,29.2,56.9,101-1000 Deaths
Japan,19,35.75,134.75,101-1000 Deaths
Iran,19,34.6,58.1,101-1000 Deaths
Indonesia,19,-0.3,100.4,101-1000 Deaths
Israel; Jordan,19,32.0,35.5,101-1000 Deaths
Nicaragua,19,12.1,-86.2,101-1000 Deaths
Mexico,18,17,-96.3,1-50 Deaths
China,19,30.0,100,101-1000 Deaths
Japan,18,37.7,138.3,1-50 Deaths
Tajikistan,19,38.4,68.5,101-1000 Deaths
Taiwan,18,25.2,121.3,1-50 Deaths
Japan,19,35.0,139,101-1000 Deaths
Peru,18,-14.1,-75.4,1-50 Deaths
Turkey,19,39.3,40.6,101-1000 Deaths
France,18,45.9,6.8,1-50 Deaths
Colombia,19,1.1,-77.6,101-1000 Deaths
Peru-Chile,18,-17.6,-70.8,1-50 Deaths
El Salvador,19,13.2,-88.7,101-1000 Deaths
Japan,18,38.9,139.15,1-50 Deaths
Iran,19,33.5,58.6,101-1000 Deaths
Venezuela,18,10.3,-66.6,1-50 Deaths
Taiwan,19,23.3,120.3,101-1000 Deaths
Venezuela,18,10.5,-64.2,1-50 Deaths
Turkey,19,40.8,30.5,101-1000 Deaths
New Zealand,18,-41.67,174.0,1-50 Deaths
China,19,39.3,73.3,101-1000 Deaths
Turkey,18,39.9,41.3,1-50 Deaths
Turkey,19,40.0,40,101-1000 Deaths
S. Mexico,18,17,-100.0,1-50 Deaths
Turkmenistan,19,39.3,55.4,101-1000 Deaths
Indonesia,18,-8,115.5,1-50 Deaths
Iran,19,33.4,58.7,101-1000 Deaths
Ecuador,18,-0.3,-78.5,1-50 Deaths
Iran,19,35.4,55.1,101-1000 Deaths
Mexico,18,18.6,-97.5,1-50 Deaths
Lebanon,19,35.5,35.5,101-1000 Deaths
Taiwan,18,25.5,121.7,1-50 Deaths
Iran,19,27.2,54.4,101-1000 Deaths
India,18,24.5,92.5,1-50 Deaths
Iran,19,28.3,53.3,101-1000 Deaths
Venezuela,18,7.5,-72.1,1-50 Deaths
Iran,19,36.5,53,101-1000 Deaths
Mexico,18,15.4,-96.3,1-50 Deaths
Iran,19,34.4,47.9,101-1000 Deaths
Venezuela,18,9.5,-69.5,1-50 Deaths
Iran,19,28.0,54.5,101-1000 Deaths
Philippines,18,7,125.4,1-50 Deaths
Libya,19,32.6,21,101-1000 Deaths
Chile,18,-32.3,-71.16,1-50 Deaths
Taiwan,19,23.2,120.6,101-1000 Deaths
Turkey,18,40.6,33.6,1-50 Deaths
Chile,19,-32.4,-71.2,101-1000 Deaths
Mexico,18,17.5,-98.3,1-50 Deaths
Uganda,19,0.6,30.2,101-1000 Deaths
Italy,18,40.9,14.4,1-50 Deaths
Italy,19,37.9,13.1,101-1000 Deaths
Mexico,18,31,-109.0,1-50 Deaths
Philippines,19,16.5,122.2,101-1000 Deaths
China,18,38.5,119.0,1-50 Deaths
Iran,19,34.0,58.2,101-1000 Deaths
Japan,18,32.8,130.7,1-50 Deaths
Indonesia,19,-8.17,114.888,101-1000 Deaths
Iran,18,37.1,58.3,1-50 Deaths
Iran,19,27.61,56.39,101-1000 Deaths
Japan,18,35.7,139.9,1-50 Deaths
Iran,19,31.98,50.68,101-1000 Deaths
China,18,38,76.0,1-50 Deaths
Iran,19,30.95,56.47,101-1000 Deaths
Japan,19,40.6,142.3,1-50 Deaths
Iran,19,33.897,59.472,101-1000 Deaths
Mexico,19,17.6,-99.7,1-50 Deaths
Iran,19,33.918,59.741,101-1000 Deaths
Iran,19,26.6,56.2,1-50 Deaths
Nepal-India,19,29.598,81.092,101-1000 Deaths
Israel,19,32.2,35.3,1-50 Deaths
Indonesia,19,-4.576,139.232,101-1000 Deaths
Taiwan,19,23.5,120.5,1-50 Deaths
Pakistan,19,35.693,73.594,101-1000 Deaths
Japan,19,34,132.0,1-50 Deaths
Afghanistan,19,36.148,69.011,101-1000 Deaths
Taiwan,19,23.4,120.4,1-50 Deaths
Indonesia,19,-8.247,124.155,101-1000 Deaths
Mexico,19,17,-100.0,1-50 Deaths
Iran,19,30.167,50.921,101-1000 Deaths
Taiwan,19,25,121.5,1-50 Deaths
Indonesia,19,-4.511,139.022,101-1000 Deaths
Pakistan,19,35.5,72.5,1-50 Deaths
China,19,35.986,100.245,101-1000 Deaths
Japan,19,35.4,136.3,1-50 Deaths
Egypt,19,29.778,31.144,101-1000 Deaths
Taiwan,19,24.4,121.8,1-50 Deaths
Indonesia,19,-4.967,104.302,101-1000 Deaths
Zambia,19,-8,31.0,1-50 Deaths
Colombia,19,2.917,-76.057,101-1000 Deaths
Mexico,19,17.5,-102.5,1-50 Deaths
Algeria,19,35.52,-0.106,101-1000 Deaths
Japan,19,28,130.0,1-50 Deaths
Bolivia,19,-17.731,-65.431,101-1000 Deaths
Iran,19,26.8,53.7,1-50 Deaths
Afghanistan,20,36.502,70.482,101-1000 Deaths
Japan,19,31.58,130.67,1-50 Deaths
Afghanistan,20,36.062,69.315,101-1000 Deaths
Indonesia,19,-3.924,101.82,1-50 Deaths
China,20,39.61,77.23,101-1000 Deaths
Peru,19,-15.5,-73.2,1-50 Deaths
Turkey,20,39.007,40.464,101-1000 Deaths
California,19,32.8,-115.5,1-50 Deaths
Iran,20,30.754,56.816,101-1000 Deaths
El Salvador,19,14.56,-88.76,1-50 Deaths
Pakistan,20,30.639,67.351,101-1000 Deaths
Taiwan,19,24,121.0,1-50 Deaths
Italy,20,42.334,13.334,101-1000 Deaths
Chile,19,-26,-71.0,1-50 Deaths
New Zealand,20,-43.583,172.68,101-1000 Deaths
Taiwan,19,23.5,122.7,1-50 Deaths
India,20,27.73,88.155,101-1000 Deaths
Taiwan,19,24.5,122.0,1-50 Deaths
Turkey,20,38.722,43.513,101-1000 Deaths
Japan,19,32.7,130.3,1-50 Deaths
Iran,20,38.329,46.826,101-1000 Deaths
Japan,19,35.5,139.5,1-50 Deaths
China,20,30.308,102.888,101-1000 Deaths
Ecuador,19,-1.6,-78.6,1-50 Deaths
Pakistan,20,26.971,65.52,101-1000 Deaths
California,19,34.5,-119.6,1-50 Deaths
Philippines,20,9.866,124.011,101-1000 Deaths
Iran,19,28.5,51.2,1-50 Deaths
China,20,27.245,103.427,101-1000 Deaths
Azores,19,38.5,-28.0,1-50 Deaths
Nepal,20,27.837,86.077,101-1000 Deaths
Taiwan,19,23,120.5,1-50 Deaths
Iran,19,31.6,60.0,1-50 Deaths
Mexico,19,16.028,-97.036,1-50 Deaths
New Zealand,19,-41.75,172.25,1-50 Deaths
Iran,19,37.5,58.0,1-50 Deaths
Iran,19,32.2,49.7,1-50 Deaths
Myanmar (Burma),19,17.4,95.5,1-50 Deaths
Iran,19,35.8,52.1,1-50 Deaths
Myanmar (Burma),19,18.2,96.4,1-50 Deaths
Taiwan,19,23.2,120.6,1-50 Deaths
Japan,19,36.1,139.2,1-50 Deaths
Japan,19,32,131.5,1-50 Deaths
Cuba,19,20,-75.8,1-50 Deaths
Iran,19,32.1,56.0,1-50 Deaths
Taiwan,19,24.8,121.5,1-50 Deaths
Turkey,19,37.919,40.211,1-50 Deaths
Japan,19,35,138.0,1-50 Deaths
Iran,19,33,60.0,1-50 Deaths
South Korea,19,35.2,127.6,1-50 Deaths
Chile,19,-24.5,-70.0,1-50 Deaths
Colombia,19,1.2,-77.3,1-50 Deaths
Taiwan,19,22.3,120.8,1-50 Deaths
Japan,19,34.4,139.2,1-50 Deaths
Mexico,19,18.8,-97.5,1-50 Deaths
Mexico,19,16.7,-98.5,1-50 Deaths
Japan,19,37.1,141.7,1-50 Deaths
Papua New Guinea,19,-7.08,155.386,1-50 Deaths
Japan,19,40.1,139.5,1-50 Deaths
Peru,19,-12.5,-72.0,1-50 Deaths
Turkey-Cis,19,41.7,43.8,1-50 Deaths
Papua New Guinea,19,-4.175,152.071,1-50 Deaths
India,19,12.5,92.5,1-50 Deaths
Balkans Nw,19,44.3,17.0,1-50 Deaths
Chile,19,-30.75,-72.0,1-50 Deaths
China,19,44,84.0,1-50 Deaths
Iran,19,35.2,52.1,1-50 Deaths
Chile,19,-26.5,-70.5,1-50 Deaths
Dominican Republic,19,19.25,-69.0,1-50 Deaths
Mexico,19,22,-106.0,1-50 Deaths
Chile,19,-54,-71.0,1-50 Deaths
Chile,19,-54,-71.0,1-50 Deaths
Iran,19,27.3,53.2,1-50 Deaths
Turkey,19,40,40.0,1-50 Deaths
Peru,19,-14.25,-75.75,1-50 Deaths
Mexico,19,16.1,-96.8,1-50 Deaths
Taiwan,19,22.9,121.5,1-50 Deaths
Costa Rica,19,10.3,-83.5,1-50 Deaths
Iran,19,28.5,52.3,1-50 Deaths
Haiti,19,18.4,-73.4,1-50 Deaths
Iran,19,29,52.0,1-50 Deaths
Turkey,19,41.4,26.3,1-50 Deaths
Fiji Islands,19,-18.3,178.2,1-50 Deaths
Japan,19,34,141.7,1-50 Deaths
Chile,19,-22.1,-68.7,1-50 Deaths
Mexico,19,17.3,-92.6,1-50 Deaths
Greece,19,39.8,22.1,1-50 Deaths
Iran,19,27.5,52.0,1-50 Deaths
Pakistan,19,30.5,67.0,1-50 Deaths
Costa Rica,19,10,-84.5,1-50 Deaths
Egypt,19,32.2,29.6,1-50 Deaths
Peru,19,-16.2,-71.3,1-50 Deaths
Hungary,19,47.5,19.3,1-50 Deaths
Spain,19,37,-4.0,1-50 Deaths
Myanmar (Burma),19,22.2,95.7,1-50 Deaths
Tunisia,19,36.2,8.9,1-50 Deaths
Taiwan,19,23.9,121.6,1-50 Deaths
Iran,19,33.4,52.5,1-50 Deaths
Peru,19,-18,-65.0,1-50 Deaths
Chile-Argentina,19,-33.5,-69.5,1-50 Deaths
Iran,19,36,49.0,1-50 Deaths
Taiwan,19,24.78,122.7,1-50 Deaths
Chile-Bolivia,19,-20.369,-68.0,1-50 Deaths
Taiwan,19,22.18,121.13,1-50 Deaths
Mexico,19,18.3,-94.4,1-50 Deaths
Turkey,19,39.1,41.6,1-50 Deaths
China,19,38.75,75.317,1-50 Deaths
Algeria,19,36,4.1,1-50 Deaths
Chile,19,-37.872,-73.243,1-50 Deaths
Greece-Albania,19,40,20.0,1-50 Deaths
Ecuador,19,-1.5,-79.0,1-50 Deaths
Congo,19,-3.6,29.0,1-50 Deaths
Philippines,19,11.1,122.3,1-50 Deaths
Chile,19,-38.5,-75.1,1-50 Deaths
Japan,19,31.6,131.8,1-50 Deaths
Italy,19,38,15.3,1-50 Deaths
Iran,19,33.5,49.4,1-50 Deaths
Japan,19,36,136.7,1-50 Deaths
Iran,19,33.6,48.1,1-50 Deaths
Chile,19,-36.7,-73.0,1-50 Deaths
Colombia,19,4.6,-75.6,1-50 Deaths
Balkans Nw,19,43.3,17.1,1-50 Deaths
Balkans Nw,19,43.3,17.1,1-50 Deaths
Albania,19,40.9,19.5,1-50 Deaths
Peru,19,-10,-79.0,1-50 Deaths
Japan,19,38.8,140.9,1-50 Deaths
Mexico,19,17.2,-99.5,1-50 Deaths
Colombia,19,5.2,-76.4,1-50 Deaths
Italy,19,41.4,15.5,1-50 Deaths
Greece,19,37.8,22.9,1-50 Deaths
Taiwan,19,24.5,122.1,1-50 Deaths
Iran,19,37,57.9,1-50 Deaths
Iran,19,28.2,55.7,1-50 Deaths
China,19,39.8,74.2,1-50 Deaths
Turkey,19,40.75,29.0,1-50 Deaths
Peru,19,-10.385,-78.022,1-50 Deaths
Indonesia,19,-3.7,119.4,1-50 Deaths
Tanzania,19,-4,34.9,1-50 Deaths
Algeria,19,35.7,4.4,1-50 Deaths
Iran,19,37.6,47.1,1-50 Deaths
Greece,19,39.4,24.0,1-50 Deaths
Japan,19,34.9,138.0,1-50 Deaths
Mexico,19,16.3,-95.8,1-50 Deaths
Greece,19,39.2,22.0,1-50 Deaths
Taiwan,19,24.1,122.6,1-50 Deaths
Uzbekistan,19,41.2,69.1,1-50 Deaths
Turkey,19,38.5,41.3,1-50 Deaths
Turkey,19,38.9,41.3,1-50 Deaths
India,19,28.7,78.9,1-50 Deaths
Colombia,19,4.6,-73.9,1-50 Deaths
Greece,19,39.2,21.2,1-50 Deaths
Indonesia-Malaysia,19,5.5,97.3,1-50 Deaths
Greece,19,39.5,21.2,1-50 Deaths
Algeria,19,35.5,-0.1,1-50 Deaths
Colombia,19,6.8,-73.0,1-50 Deaths
Taiwan,19,24.5,122.2,1-50 Deaths
Chile,19,-21.7,-69.5,1-50 Deaths
Italy,19,37.8,13.2,1-50 Deaths
Japan,19,32,130.6,1-50 Deaths
Kenya,19,-0.6,34.4,1-50 Deaths
New Zealand,19,-41.7,172.0,1-50 Deaths
Peru,19,-5.6,-77.2,1-50 Deaths
Turkey,19,39.2,40.1,1-50 Deaths
Mexico-Guatemala,19,15.5,-92.7,1-50 Deaths
Balkans Nw,19,42.1,19.3,1-50 Deaths
Egypt,19,27.7,34.0,1-50 Deaths
Albania,19,40.7,19.8,1-50 Deaths
South Africa,19,-32.9,19.7,1-50 Deaths
Philippines,19,12.6,122.1,1-50 Deaths
Iran,19,38.6,44.7,1-50 Deaths
India,19,21.7,73.0,1-50 Deaths
Turkey,19,38.8,36.7,1-50 Deaths
Peru,19,-1.5,-72.6,1-50 Deaths
Iran,19,36.6,55.6,1-50 Deaths
Iran,19,28.3,55.6,1-50 Deaths
Indonesia,19,-7.2,109.1,1-50 Deaths
Italy,19,44.8,10.3,1-50 Deaths
Iran,19,36.3,52.7,1-50 Deaths
Italy,19,43.8,13.3,1-50 Deaths
Italy,19,43.8,13.3,1-50 Deaths
Costa Rica,19,10.679,-84.759,1-50 Deaths
Colombia; San Cristobal,19,4.956,-78.144,1-50 Deaths
Iran,19,30.57,52.89,1-50 Deaths
Peru,19,-12.3,-76.35,1-50 Deaths
Turkey,19,38.6,27.0,1-50 Deaths
Colombia,19,6.89,-72.93,1-50 Deaths
Venezuela,19,10.56,-63.38,1-50 Deaths
Colombia,19,7.75,-77.69,1-50 Deaths
India,19,32.46,78.43,1-50 Deaths
Iran,19,27.5,56.26,1-50 Deaths
Venezuela,19,10.04,-69.75,1-50 Deaths
Myanmar (Burma),19,21.49,94.7,1-50 Deaths
Algeria,19,36.32,5.241,1-50 Deaths
Guatemala,19,14.767,-91.061,1-50 Deaths
Turkey,19,41.13,43.01,1-50 Deaths
Ecuador,19,0.78,-79.8,1-50 Deaths
Turkey,19,40.89,42.85,1-50 Deaths
Philippines,19,7.249,122.939,1-50 Deaths
South Africa,19,-27.953,26.653,1-50 Deaths
Iran,19,39,44.0,1-50 Deaths
Turkey,19,38.56,40.02,1-50 Deaths
Iran,19,38.934,44.38,1-50 Deaths
Iran,19,39,44.0,1-50 Deaths
Colombia,19,7.34,-76.3,1-50 Deaths
Italy,19,38.1,16.03,1-50 Deaths
Mexico,19,17.03,-99.74,1-50 Deaths
Italy,19,38.391,15.066,1-50 Deaths
Guatemala,19,14.843,-91.022,1-50 Deaths
Mexico,19,16.01,-96.591,1-50 Deaths
Taiwan,19,23.247,122.075,1-50 Deaths
Peru,19,-16.39,-72.658,1-50 Deaths
Mexico,19,17.813,-101.276,1-50 Deaths
Indonesia,19,-8.207,115.949,1-50 Deaths
Indonesia,19,-1.679,136.04,1-50 Deaths
Italy,19,42.812,13.061,1-50 Deaths
Indonesia,19,-8.254,115.847,1-50 Deaths
Guatemala,19,13.833,-90.881,1-50 Deaths
Indonesia,19,-7.656,108.252,1-50 Deaths
Indonesia,19,-3.299,102.712,1-50 Deaths
Indonesia,19,-8.39,115.889,1-50 Deaths
Greece,19,39.203,22.729,1-50 Deaths
Iran,19,37.19,50.201,1-50 Deaths
Honduras;  N Guatemala,19,15.888,-88.516,1-50 Deaths
Ecuador,19,-1.948,-80.017,1-50 Deaths
India,19,32.913,75.633,1-50 Deaths
India,19,32.834,75.629,1-50 Deaths
Peru,19,-13.347,-74.545,1-50 Deaths
Iran,19,34.587,50.652,1-50 Deaths
Iran,19,34.503,50.59,1-50 Deaths
Peru,19,-13.144,-74.376,1-50 Deaths
Peru,19,-13.166,-74.522,1-50 Deaths
Mexico,19,18.048,-102.084,1-50 Deaths
Pakistan,19,29.856,66.962,1-50 Deaths
Mexico,19,17.25,-93.21,1-50 Deaths
Indonesia,19,-8.405,123.08,1-50 Deaths
Iran,19,35.953,52.264,1-50 Deaths
Costa Rica,19,8.717,-83.123,1-50 Deaths
China,19,40.025,75.26,1-50 Deaths
Peru,19,-4.843,-78.103,1-50 Deaths
Japan,19,35.5,139.07,1-50 Deaths
Indonesia,19,-2.823,118.806,1-50 Deaths
Turkey,19,40.545,42.403,1-50 Deaths
India,19,24.641,92.891,1-50 Deaths
Iran,19,28.399,52.997,1-50 Deaths
Indonesia,19,-4.13,136.049,1-50 Deaths
Algeria,19,36.46,6.761,1-50 Deaths
Italy,19,37.688,15.068,1-50 Deaths
India,19,32.128,76.374,1-50 Deaths
Turkey,19,37.993,37.806,1-50 Deaths
Taiwan,19,24.125,121.619,1-50 Deaths
Iran,19,29.962,51.582,1-50 Deaths
Venezuela,19,10.77,-69.428,1-50 Deaths
Brazil,19,-5.494,-35.769,1-50 Deaths
Algeria,19,35.964,1.374,1-50 Deaths
Japan,19,32.034,131.837,1-50 Deaths
Indonesia,19,2.244,98.866,1-50 Deaths
Iran,19,34.076,48.266,1-50 Deaths
Ecuador,19,-0.978,-78.05,1-50 Deaths
California,19,34.07,-118.1,1-50 Deaths
Bangladesh,19,24.688,91.57,1-50 Deaths
Taiwan,19,23.902,121.598,1-50 Deaths
Iran,19,29.974,51.679,1-50 Deaths
Malawi,19,-13.702,34.42,1-50 Deaths
China,19,29.987,99.195,1-50 Deaths
China,19,23.553,99.526,1-50 Deaths
Bangladesh,19,21.861,89.763,1-50 Deaths
China,19,31.583,102.433,1-50 Deaths
China,19,29.882,106.804,1-50 Deaths
Iran,19,29.892,57.718,1-50 Deaths
Pakistan,19,28.925,66.331,1-50 Deaths
Indonesia,19,1.186,122.857,1-50 Deaths
Sudan,19,5.121,32.145,1-50 Deaths
Iran,19,36.636,49.799,1-50 Deaths
Ecuador,19,-0.059,-78.449,1-50 Deaths
South Africa,19,-28.014,26.727,1-50 Deaths
South Africa,19,-26.39,27.349,1-50 Deaths
Iran,19,28.251,55.462,1-50 Deaths
Indonesia,19,3.908,97.457,1-50 Deaths
France,19,44.885,6.76,1-50 Deaths
Turkey,19,39.597,41.118,1-50 Deaths
Malaysia,19,5.865,116.746,1-50 Deaths
Indonesia,19,-8.099,124.681,1-50 Deaths
Yemen,19,13.887,44.068,1-50 Deaths
Iran,19,36.924,49.603,1-50 Deaths
Iran,19,31.726,50.778,1-50 Deaths
Pakistan,19,33.377,71.317,1-50 Deaths
Pakistan,19,29.087,66.74,1-50 Deaths
Nicaragua,19,11.727,-87.386,1-50 Deaths
Iran,19,29.134,52.187,1-50 Deaths
Congo,19,-6.087,26.651,1-50 Deaths
Colombia,19,7.075,-76.862,1-50 Deaths
Fiji Islands,19,-14.385,-178.252,1-50 Deaths
China,19,29.084,87.333,1-50 Deaths
Peru,19,-11.652,-76.53,1-50 Deaths
Iran,19,30.149,50.814,1-50 Deaths
Costa Rica,19,9.821,-83.622,1-50 Deaths
Sudan,19,15.385,31.69,1-50 Deaths
Guatemala,19,14.717,-92.645,1-50 Deaths
Indonesia,19,1.015,127.733,1-50 Deaths
Uganda,19,0.593,30.037,1-50 Deaths
Iran,19,30.853,60.596,1-50 Deaths
Iran,19,29.096,52.617,1-50 Deaths
Haiti,19,19.803,-72.799,1-50 Deaths
Indonesia,19,-10.477,112.835,1-50 Deaths
Taiwan,19,24.511,121.905,1-50 Deaths
Peru,19,-13.841,-67.553,1-50 Deaths
Iran,19,28.968,52.614,1-50 Deaths
Indonesia,19,-1.258,127.98,1-50 Deaths
Colombia,19,5.05,-72.916,1-50 Deaths
Colombia,19,4.104,-76.622,1-50 Deaths
China,19,21.966,99.196,1-50 Deaths
China,19,36.427,103.123,1-50 Deaths
Mexico,19,16.779,-98.597,1-50 Deaths
Ecuador,19,-2.75,-77.881,1-50 Deaths
China,19,39.993,76.696,1-50 Deaths
Solomon Islands,19,-6.518,154.999,1-50 Deaths
Mexico,19,18.219,-102.756,1-50 Deaths
China,19,39.474,76.998,1-50 Deaths
China,19,39.422,76.839,1-50 Deaths
Pakistan,19,34.872,71.62,1-50 Deaths
China,19,39.527,76.941,1-50 Deaths
Afghanistan,19,36.411,70.945,1-50 Deaths
South Africa,19,-26.857,26.619,1-50 Deaths
Indonesia,19,-3.776,119.727,1-50 Deaths
Chile,19,-30.933,-71.22,1-50 Deaths
India-Bangladesh,19,22.212,92.702,1-50 Deaths
Afghanistan-Tajikistan,19,36.479,71.086,1-50 Deaths
Iran,19,30.154,57.605,1-50 Deaths
Iran,19,32.457,59.976,1-50 Deaths
Azores,19,38.65,-28.626,1-50 Deaths
Ecuador,19,-0.593,-80.393,1-50 Deaths
China,19,39.66,77.343,1-50 Deaths
Indonesia,19,-8.194,112.413,1-50 Deaths
Iran,19,27.791,53.608,1-50 Deaths
China,19,27.308,101.029,1-50 Deaths
Iran,19,28.343,57.193,1-50 Deaths
Iran,19,29.501,51.88,1-50 Deaths
Mexico,19,18.386,-97.436,1-50 Deaths
Guatemala,19,15.782,-88.33,1-50 Deaths
Bangladesh,19,21.544,91.895,1-50 Deaths
Turkey,19,40.711,29.949,1-50 Deaths
Turkey,19,40.709,30.045,1-50 Deaths
Taiwan,19,23.738,121.158,1-50 Deaths
Turkey,19,40.744,30.266,1-50 Deaths
China,19,24.589,102.872,1-50 Deaths
Vanuatu Islands,19,-16.423,168.214,1-50 Deaths
Turkey,19,40.358,42.346,1-50 Deaths
Indonesia,19,-6.845,105.555,1-50 Deaths
China,20,25.607,101.063,1-50 Deaths
Iran,20,35.288,58.218,1-50 Deaths
Indonesia,20,-1.105,123.573,1-50 Deaths
Taiwan,20,24.223,121.058,1-50 Deaths
Indonesia,20,-4.612,101.905,1-50 Deaths
Taiwan,20,23.843,121.225,1-50 Deaths
Japan,20,34.221,139.131,1-50 Deaths
Nicaragua,20,11.884,-85.988,1-50 Deaths
China,20,25.826,102.194,1-50 Deaths
Papua New Guinea,20,-3.98,152.169,1-50 Deaths
Azerbaijan,20,40.245,49.946,1-50 Deaths
Turkmenistan,20,39.566,54.799,1-50 Deaths
China,20,29.513,101.129,1-50 Deaths
El Salvador,20,13.605,-88.795,1-50 Deaths
China,20,27.689,101.003,1-50 Deaths
Afghanistan,20,35.169,69.389,1-50 Deaths
Peru,20,-17.543,-72.077,1-50 Deaths
Peru,20,-14.258,-72.683,1-50 Deaths
China,20,26.316,100.648,1-50 Deaths
Tajikistan,20,38.673,69.902,1-50 Deaths
Papua New Guinea,20,-3.212,142.427,1-50 Deaths
Rwanda,20,-1.684,29.077,1-50 Deaths
Turkey,20,38.573,31.271,1-50 Deaths
Iran,20,28.093,51.755,1-50 Deaths
Philippines,20,6.033,124.249,1-50 Deaths
Taiwan,20,24.279,122.179,1-50 Deaths
Tajikistan; Afghanistan,20,39.959,69.417,1-50 Deaths
Balkans Nw,20,42.436,21.466,1-50 Deaths
Iran,20,34.642,47.4,1-50 Deaths
Georgia,20,41.765,44.96,1-50 Deaths
Tanzania,20,-2.907,33.733,1-50 Deaths
Indonesia,20,-1.196,121.333,1-50 Deaths
Italy,20,38.381,13.701,1-50 Deaths
Papua New Guinea,20,-3.302,142.945,1-50 Deaths
India,20,13.036,93.068,1-50 Deaths
Indonesia,20,-1.757,134.297,1-50 Deaths
Congo,20,-1.884,29.004,1-50 Deaths
Italy,20,41.789,14.872,1-50 Deaths
Pakistan,20,35.517,74.654,1-50 Deaths
Indonesia,20,2.824,96.085,1-50 Deaths
Pakistan,20,35.414,74.515,1-50 Deaths
China,20,39.736,97.443,1-50 Deaths
Turkey,20,39.5,39.878,1-50 Deaths
China,20,39.483,77.393,1-50 Deaths
Indonesia,20,-8.294,120.743,1-50 Deaths
China,20,39.43,77.219,1-50 Deaths
Indonesia,20,2.354,128.855,1-50 Deaths
Algeria,20,36.939,3.578,1-50 Deaths
Iran,20,28.355,54.169,1-50 Deaths
China,20,25.975,101.29,1-50 Deaths
Bangladesh,20,22.854,92.306,1-50 Deaths
China,20,43.77,119.643,1-50 Deaths
China,20,25.954,101.254,1-50 Deaths
China,20,38.4,100.951,1-50 Deaths
China,20,34.712,103.834,1-50 Deaths
China,20,27.372,103.971,1-50 Deaths
China,20,42.905,80.515,1-50 Deaths
Panama-Costa Rica,20,8.416,-82.824,1-50 Deaths
Indonesia,20,-3.615,135.538,1-50 Deaths
Pakistan,20,34.774,73.216,1-50 Deaths
Indonesia,20,-0.466,100.655,1-50 Deaths
Burundi,20,-3.393,29.558,1-50 Deaths
Turkey,20,39.93,40.812,1-50 Deaths
Afghanistan,20,36.512,71.029,1-50 Deaths
Taiwan,20,24.081,121.611,1-50 Deaths
Pakistan,20,30.126,67.121,1-50 Deaths
Iran,20,36.29,51.61,1-50 Deaths
Turkey,20,39.766,43.979,1-50 Deaths
Slovenia,20,46.296,13.641,1-50 Deaths
New Zealand,20,-38,176.51,1-50 Deaths
Afghanistan,20,33.426,69.524,1-50 Deaths
Turkey,20,39.634,43.966,1-50 Deaths
China,20,27.266,103.873,1-50 Deaths
Turkey,20,38.377,39.261,1-50 Deaths
Argentina,20,-28.573,-65.84,1-50 Deaths
Japan,20,37.226,138.779,1-50 Deaths
Indonesia,20,-8.152,124.868,1-50 Deaths
Costa Rica,20,9.602,-84.172,1-50 Deaths
Guadeloupe,20,15.679,-61.706,1-50 Deaths
Indonesia,20,-1.198,119.933,1-50 Deaths
Turkey,20,37.622,43.703,1-50 Deaths
Indonesia,20,-7.037,107.819,1-50 Deaths
South Africa,20,-26.913,26.789,1-50 Deaths
Japan,20,33.807,130.131,1-50 Deaths
Chile,20,-19.987,-69.197,1-50 Deaths
China,20,46.827,125.058,1-50 Deaths
Peru,20,-5.678,-76.398,1-50 Deaths
Turkey,20,38.152,26.751,1-50 Deaths
China,20,23.604,107.798,1-50 Deaths
China,20,29.695,115.689,1-50 Deaths
Iran,20,26.774,55.858,1-50 Deaths
Congo,20,-6.224,29.83,1-50 Deaths
Afghanistan,20,36.357,71.093,1-50 Deaths
India,20,30.476,79.255,1-50 Deaths
India,20,27.382,88.388,1-50 Deaths
Mozambique,20,-21.324,33.583,1-50 Deaths
Pakistan,20,33.129,73.887,1-50 Deaths
Algeria,20,36.623,5.328,1-50 Deaths
Iran,20,27.574,55.685,1-50 Deaths
Iran,20,26.759,55.843,1-50 Deaths
China,20,27.995,104.138,1-50 Deaths
Tajikistan,20,37.255,68.828,1-50 Deaths
China,20,28.012,104.151,1-50 Deaths
Trinidad,20,10.814,-61.758,1-50 Deaths
Indonesia,20,-8.251,118.777,1-50 Deaths
Indonesia,20,0.626,99.859,1-50 Deaths
Taiwan,20,21.799,120.547,1-50 Deaths
Indonesia,20,1.065,126.282,1-50 Deaths
Japan,20,37.336,136.588,1-50 Deaths
China,20,23.028,101.052,1-50 Deaths
Japan,20,37.57,138.478,1-50 Deaths
Tajikistan,20,38.936,70.485,1-50 Deaths
Russia,20,47.116,141.798,1-50 Deaths
Utah,20,39.465,-111.237,1-50 Deaths
Utah,20,39.464,-111.207,1-50 Deaths
Indonesia,20,-4.438,101.367,1-50 Deaths
Pakistan,20,35.304,76.753,1-50 Deaths
India,20,21.181,70.724,1-50 Deaths
Philippines,20,9.721,124.647,1-50 Deaths
Indonesia,20,-8.277,118.339,1-50 Deaths
Martinique,20,14.944,-61.274,1-50 Deaths
Brazil,20,-15.048,-44.231,1-50 Deaths
Algeria,20,35.616,-0.57,1-50 Deaths
Indonesia,20,1.011,97.442,1-50 Deaths
Congo,20,-2.296,28.9,1-50 Deaths
India,20,23.433,87.111,1-50 Deaths
Rwanda,20,-2.404,28.918,1-50 Deaths
Indonesia,20,2.768,95.964,1-50 Deaths
Colombia,20,4.33,-73.764,1-50 Deaths
China,20,32.57,105.424,1-50 Deaths
Algeria,20,35.883,-0.658,1-50 Deaths
Greece,20,37.963,21.525,1-50 Deaths
Japan,20,39.03,140.881,1-50 Deaths
Peru,20,-15.986,-71.748,1-50 Deaths
Japan,20,39.802,141.464,1-50 Deaths
China,20,32.747,105.542,1-50 Deaths
China,20,32.756,105.494,1-50 Deaths
China,20,25.044,97.684,1-50 Deaths
China,20,26.272,101.937,1-50 Deaths
Indonesia,20,-3.935,103.058,1-50 Deaths
Iran,20,26.743,55.828,1-50 Deaths
India,20,17.438,73.915,1-50 Deaths
China,20,29.807,90.35,1-50 Deaths
Russia,20,43.372,46.254,1-50 Deaths
Indonesia,20,1.271,122.091,1-50 Deaths
Czech Republic,20,49.914,18.455,1-50 Deaths
China,20,32.518,105.395,1-50 Deaths
Papua New Guinea,20,-0.414,132.885,1-50 Deaths
Costa Rica,20,10.165,-84.197,1-50 Deaths
Italy,20,42.275,13.464,1-50 Deaths
Afghanistan,20,34.185,70.076,1-50 Deaths
Honduras,20,16.72,-86.236,1-50 Deaths
Kazakhstan,20,44.724,78.864,1-50 Deaths
China,20,29.358,105.438,1-50 Deaths
Japan,20,34.743,138.264,1-50 Deaths
Bhutan,20,27.332,91.437,1-50 Deaths
Indonesia,20,-2.515,101.501,1-50 Deaths
Afghanistan,20,36.517,70.95,1-50 Deaths
Indonesia,20,-8.207,118.631,1-50 Deaths
South Africa,20,-26.414,27.494,1-50 Deaths
Malawi,20,-9.948,33.878,1-50 Deaths
Malawi,20,-10.108,33.818,1-50 Deaths
Indonesia,20,-7.907,107.879,1-50 Deaths
China,20,25.558,105.804,1-50 Deaths
China,20,30.268,105.668,1-50 Deaths
Argentina,20,-24.872,-65.602,1-50 Deaths
Mexico,20,32.297,-115.278,1-50 Deaths
Afghanistan,20,35.633,67.658,1-50 Deaths
Algeria,20,35.9,4.12,1-50 Deaths
Mexico,20,16.396,-97.782,1-50 Deaths
Iran,20,27.022,53.861,1-50 Deaths
Iran,20,35.49,54.47,1-50 Deaths
Iran,20,29.647,51.665,1-50 Deaths
Pakistan,20,33.869,72.887,1-50 Deaths
Iran,20,28.412,59.18,1-50 Deaths
Pakistan,20,28.777,63.951,1-50 Deaths
Myanmar (Burma),20,24.618,94.68,1-50 Deaths
China,20,24.719,97.969,1-50 Deaths
Japan,20,38.276,141.588,1-50 Deaths
Japan,20,37.001,140.401,1-50 Deaths
Spain,20,37.699,-1.672,1-50 Deaths
Turkey,20,39.12,29.04,1-50 Deaths
New Zealand,20,-43.564,172.743,1-50 Deaths
Uzbekistan,20,40.081,71.41,1-50 Deaths
Indonesia,20,2.965,97.893,1-50 Deaths
Guatemala,20,14.186,-90.238,1-50 Deaths
Peru,20,-14.438,-75.966,1-50 Deaths
India,20,27.449,88.684,1-50 Deaths
Turkey,20,38.429,43.229,1-50 Deaths
Mexico,20,17.844,-99.963,1-50 Deaths
Chile,20,-35.2,-72.217,1-50 Deaths
Indonesia,20,2.327,93.063,1-50 Deaths
Chile,20,-32.625,-71.365,1-50 Deaths
Tajikistan,20,38.612,70.354,1-50 Deaths
Italy,20,44.89,11.23,1-50 Deaths
Italy,20,44.851,11.086,1-50 Deaths
China,20,27.767,100.781,1-50 Deaths
China,20,32.978,119.593,1-50 Deaths
Indonesia,20,2.707,96.045,1-50 Deaths
Indonesia,20,-1.315,120.096,1-50 Deaths
Philippines,20,10.811,126.638,1-50 Deaths
Costa Rica,20,10.085,-85.315,1-50 Deaths
Myanmar (Burma),20,23.005,95.885,1-50 Deaths
Iran,20,33.506,59.571,1-50 Deaths
Indonesia,20,4.927,95.907,1-50 Deaths
Taiwan,20,23.828,121.215,1-50 Deaths
Iran,20,28.428,51.593,1-50 Deaths
Iran; Pakistan,20,28.033,61.996,1-50 Deaths
Texas,20,31.817,-97.088,1-50 Deaths
Afghanistan,20,34.526,70.22,1-50 Deaths
India,20,33.061,75.863,1-50 Deaths
Iran,20,26.56,57.77,1-50 Deaths
Taiwan,20,23.789,121.141,1-50 Deaths
Indonesia,20,4.645,96.665,1-50 Deaths
China,20,28.229,99.37,1-50 Deaths
Guatemala,20,14.643,-92.104,1-50 Deaths
Pakistan,20,27.263,65.587,1-50 Deaths
Indonesia,20,5.067,96.031,1-50 Deaths
Iran,20,29.363,51.314,1-50 Deaths
Iran,20,27.261,54.428,1-50 Deaths
Chile,20,-19.642,-70.817,1-50 Deaths
Pakistan,20,26.387,68.358,1-50 Deaths
Greece,20,40.305,25.453,1-50 Deaths
Mexico; Guatemala,20,14.742,-92.409,1-50 Deaths
Mexico,20,17.842,-95.524,1-50 Deaths
South Africa,20,-26.986,26.741,1-50 Deaths
Ecuador,20,-0.076,-78.302,1-50 Deaths
California,20,38.22,-122.313,1-50 Deaths
Peru,20,-13.814,-71.744,1-50 Deaths
China,20,23.386,100.487,1-50 Deaths
China,20,30.343,101.72,1-50 Deaths
China,20,23.336,100.474,1-50 Deaths
Balkans Nw,20,44.52,18.93,1-50 Deaths
China,20,33.179,115.798,1-50 Deaths
Taiwan,20,24.194,122.327,1-50 Deaths
